Keyword,Subreddit,Title,Score,URL,Author
Ubisoft,ubisoft,How can I find my activation code or CD key?,1,https://www.reddit.com/r/ubisoft/comments/1g64e1h/how_can_i_find_my_activation_code_or_cd_key/,Mortalan
Ubisoft,ubisoft,"Steam Achievements - Feed Our Addiction, UBI Please!",8,https://www.reddit.com/r/ubisoft/comments/1g620az/steam_achievements_feed_our_addiction_ubi_please/,Wh00psieeh
Ubisoft,assassinscreed,I miss the way the plot lines were in the old AC games tbh,1,https://www.reddit.com/r/assassinscreed/comments/1g5zpia/i_miss_the_way_the_plot_lines_were_in_the_old_ac/,Wire_Jag
Ubisoft,ubisoft,What does that mean? Is my Game dead?,2,https://i.redd.it/pne5scm1cdvd1.png,Heinrich_der_Loewe
Ubisoft,ubisoft,Assassin Creed 3 (AC3) PC won't start,5,https://www.reddit.com/r/ubisoft/comments/1g5xrbz/assassin_creed_3_ac3_pc_wont_start/,Gaalahaaf
Ubisoft,ubisoft,Star Wars: Outlaws will be available on Steam starting November 21st! Wishlist now!,0,https://i.redd.it/2wkztmnkmcvd1.jpeg,PixelSaharix
Ubisoft,videogames,"If your game requires me to have another account just to play, you should be blacklisted from making games forever.",0,https://www.reddit.com/r/videogames/comments/1g5v3ku/if_your_game_requires_me_to_have_another_account/,Bworm98
Ubisoft,ubisoft,It won’t let me verify my r6 files.,1,https://www.reddit.com/r/ubisoft/comments/1g5ttjh/it_wont_let_me_verify_my_r6_files/,Puzzleheaded-Lemon89
Ubisoft,ubisoft,Ubisoft needs to bring out a new Rayman game if they don’t want to go out of business. ,0,https://www.reddit.com/r/ubisoft/comments/1g5ttg4/ubisoft_needs_to_bring_out_a_new_rayman_game_if/,KingButter42
Ubisoft,ubisoft,Will I lose my save progress on my games if I link my Xbox to a new Ubisoft account?,2,https://www.reddit.com/r/ubisoft/comments/1g5q6zd/will_i_lose_my_save_progress_on_my_games_if_i/,ILYTXYY
Ubisoft games,assassinscreed,I miss the way the plot lines were in the old AC games tbh,1,https://www.reddit.com/r/assassinscreed/comments/1g5zpia/i_miss_the_way_the_plot_lines_were_in_the_old_ac/,Wire_Jag
Ubisoft games,ubisoft,It won’t let me verify my r6 files.,1,https://www.reddit.com/r/ubisoft/comments/1g5ttjh/it_wont_let_me_verify_my_r6_files/,Puzzleheaded-Lemon89
Ubisoft games,ubisoft,Ubisoft needs to bring out a new Rayman game if they don’t want to go out of business. ,0,https://www.reddit.com/r/ubisoft/comments/1g5ttg4/ubisoft_needs_to_bring_out_a_new_rayman_game_if/,KingButter42
Ubisoft games,ubisoft,Will I lose my save progress on my games if I link my Xbox to a new Ubisoft account?,2,https://www.reddit.com/r/ubisoft/comments/1g5q6zd/will_i_lose_my_save_progress_on_my_games_if_i/,ILYTXYY
Ubisoft games,ubisoft,Is Ubisoft Connect down? I can't access any of my AC games on PC right now!,1,https://www.reddit.com/r/ubisoft/comments/1g5nfcw/is_ubisoft_connect_down_i_cant_access_any_of_my/,DeadTamagotchi3
Ubisoft games,ubisoft,I discovered the email of the person who stole my account. ,52,https://www.reddit.com/gallery/1g5jj7h,HyperGaming_LK
Ubisoft games,ubisoft,Am I missing something?,1,https://www.reddit.com/r/ubisoft/comments/1g5fu5a/am_i_missing_something/,Luckybreak333
Ubisoft games,videogames,What game or series of games? You think has fallen to rough times. But you hope will rise up to regain its prominence? ,1,https://i.redd.it/0m9c3n3la5vd1.jpeg,boogyninja1
Ubisoft games,ubisoft,Trying To Install AC Syndicate from epic games ,3,https://www.reddit.com/r/ubisoft/comments/1g4wilp/trying_to_install_ac_syndicate_from_epic_games/,Peanut_Wizard
Ubisoft games,ubisoft,These new updates on steam?,0,https://www.reddit.com/r/ubisoft/comments/1g46jlj/these_new_updates_on_steam/,MrKonaKona
Ubisoft controversy,gaming,Which are your top 3 videogames companies vs which ones you think are probably the best overall? (Read below),0,https://www.reddit.com/r/gaming/comments/1g1v4np/which_are_your_top_3_videogames_companies_vs/,Limp-Grapefruit-6251
Ubisoft controversy,ubisoft,Ubisoft Fans: What Do You Want from Their Next Games?,0,https://www.reddit.com/r/ubisoft/comments/1fw9o7a/ubisoft_fans_what_do_you_want_from_their_next/,lyndonguitar
Ubisoft controversy,ubisoft,"Historical inaccuracy's as term being co opted into Spreading Racism, Minimal research by gaming companies. Emasculation/Historal bad blood and disrespect.",0,https://i.redd.it/uty1fe38fcrd1.png,Maximum_Impressive
Ubisoft controversy,assassinscreed,Do you think Assassin’s Creed Shadows will get delayed?,0,https://www.reddit.com/r/assassinscreed/comments/1fou72e/do_you_think_assassins_creed_shadows_will_get/,Nonesuch1221
Ubisoft controversy,ubisoft,I am worried for the release of the next heroes of mm,0,https://www.reddit.com/r/ubisoft/comments/1fol26v/i_am_worried_for_the_release_of_the_next_heroes/,tropicdragonnotme
Ubisoft controversy,assassinscreed,Why is AC viewed unfavourably among certain segments of the wider gaming population?,18,https://www.reddit.com/r/assassinscreed/comments/1flrkl8/why_is_ac_viewed_unfavourably_among_certain/,Euro_Twunk
Ubisoft controversy,ubisoft,Is Ubisoft Really Behind the Botting on the Assassin's Creed Shadows Trailer? Let's Consider the Possibilities,0,https://www.reddit.com/r/ubisoft/comments/1fglw54/is_ubisoft_really_behind_the_botting_on_the/,PixelSaharix
Ubisoft controversy,assassinscreed,Playing every main AC game part 4: AC3,16,https://www.reddit.com/r/assassinscreed/comments/1f2v7ps/playing_every_main_ac_game_part_4_ac3/,Pricerocks
Ubisoft controversy,assassinscreed,I forgot how fun syndicate was,113,https://www.reddit.com/r/assassinscreed/comments/1ezclnd/i_forgot_how_fun_syndicate_was/,No_Barber4339
Ubisoft controversy,assassinscreed,Ubisoft Summer Sale - AC Odyssey,22,https://www.reddit.com/r/assassinscreed/comments/1e2d8q9/ubisoft_summer_sale_ac_odyssey/,sealer9
Ubisoft issues,ubisoft,Trouble adding Phone number,1,https://www.reddit.com/r/ubisoft/comments/1g5gwb4/trouble_adding_phone_number/,SnooHobbies249
Ubisoft issues,ubisoft,How do you cope with the fact that Ubisoft at one point in time was pretty up front about portraying social issues with 0 SJW nonsense?,0,https://www.youtube.com/watch?v=6Gu3ifv-7Ck,enumeler
Ubisoft issues,assassinscreed,"AC Valhalla's detection is not broken, just never explained",56,https://www.reddit.com/r/assassinscreed/comments/1g3y61s/ac_valhallas_detection_is_not_broken_just_never/,VincentPastor
Ubisoft issues,ubisoft,Can’t run any Ubisoft games?,0,https://www.reddit.com/r/ubisoft/comments/1g36ahc/cant_run_any_ubisoft_games/,more_yeet
Ubisoft issues,ubisoft,Issues with Ubisoft support,0,https://www.reddit.com/r/ubisoft/comments/1g31dsj/issues_with_ubisoft_support/,ChastityTala
Ubisoft issues,assassinscreed,Random facts and cut content.,138,https://www.reddit.com/r/assassinscreed/comments/1g2v0ni/random_facts_and_cut_content/,-BlackPaisley-
Ubisoft issues,pcgaming,"Ubisoft ""fixed"" an automatic cloud save issue in Prince of Persia: The Lost Crown by removing the feature altogether, whereas Steam Cloud would have worked perfectly fine.",443,https://www.reddit.com/r/pcgaming/comments/1g1j7xt/ubisoft_fixed_an_automatic_cloud_save_issue_in/,sevansup
Ubisoft issues,ubisoft,Ubisoft connect error dolphin-028,0,https://www.reddit.com/r/ubisoft/comments/1g16hcn/ubisoft_connect_error_dolphin028/,ThunderDaz
Ubisoft issues,assassinscreed,I actually love AC: Unity! Sorry (or not?) for being 10 years late.,101,https://www.reddit.com/r/assassinscreed/comments/1g0p9qf/i_actually_love_ac_unity_sorry_or_not_for_being/,DomFakker37
Ubisoft issues,ubisoft,Assasins Creed Shadows: 10 Biggest changes revealed,0,https://www.reddit.com/r/ubisoft/comments/1g0m67b/assasins_creed_shadows_10_biggest_changes_revealed/,5veBoyceo
Ubisoft downfall,ubisoft,Ubisoft downfall must be studied,0,https://www.reddit.com/r/ubisoft/comments/1ftx8c1/ubisoft_downfall_must_be_studied/,jerryfree123
Ubisoft downfall,pcgaming,"How are people starting to feel/already feel about early access games? In particular, the ""milsim"" genre?",0,https://www.reddit.com/r/pcgaming/comments/1ejy345/how_are_people_starting_to_feelalready_feel_about/,MissingNo117
Ubisoft downfall,assassinscreed,My ideas for future settings ,5,https://www.reddit.com/r/assassinscreed/comments/1ejltns/my_ideas_for_future_settings/,Shashwats7777
Ubisoft downfall,assassinscreed,Which do you guys think is better? Old School AC or Mythology RPG AC?,11,https://www.reddit.com/r/assassinscreed/comments/15r7pop/which_do_you_guys_think_is_better_old_school_ac/,Assassin5299
Ubisoft downfall,ubisoft,I can't wait,123,https://i.redd.it/bpojjvkcluma1.jpg,glopnboopn
Ubisoft downfall,gaming,Will Mirage save Ubisoft?,0,https://www.reddit.com/r/gaming/comments/1195zl6/will_mirage_save_ubisoft/,Silly_sandwich21
Ubisoft downfall,ubisoft,found this on a video about ubisoft's downfall,69,https://i.redd.it/nj8xhfaxnufa1.png,MyNameIsPhip
Ubisoft downfall,gaming,Ubisoft contributing yet again to the downfall of the gaming industry. Thought you could outright buy the new Rocksmith? Guess again.,0,https://i.redd.it/xjciag3e5bm91.png,Mindfreek454
Ubisoft downfall,ubisoft,Ubisoft contributing yet again to the downfall of the gaming industry.,1,https://i.redd.it/dar8nezyuam91.png,Mindfreek454
Ubisoft downfall,assassinscreed,"A discussion about the identity of the Assassin's Creed games - As the Assassin's Creed series continued to evolve, it has shifted from being historically influenced games with sci-fi elements to later being fantastically sci-fi with some historical elements added.",17,https://www.reddit.com/r/assassinscreed/comments/smm89o/a_discussion_about_the_identity_of_the_assassins/,sammyjamez
Assassin's Creed,assassinscreed,How do you think DNA memories can work in Shadows when two protagonists are not blood related?,1,https://www.reddit.com/r/assassinscreed/comments/1g67tcv/how_do_you_think_dna_memories_can_work_in_shadows/,enumeler
Assassin's Creed,assassinscreed,Dead Kings could have worked as the start of a main story,10,https://www.reddit.com/r/assassinscreed/comments/1g66b4w/dead_kings_could_have_worked_as_the_start_of_a/,Mobysimo
Assassin's Creed,gaming,What hand held system to get?,3,https://www.reddit.com/r/gaming/comments/1g60btr/what_hand_held_system_to_get/,PerspectiveRoyal8014
Assassin's Creed,assassinscreed,I miss the way the plot lines were in the old AC games tbh,1,https://www.reddit.com/r/assassinscreed/comments/1g5zpia/i_miss_the_way_the_plot_lines_were_in_the_old_ac/,Wire_Jag
Assassin's Creed,assassinscreed,Assassins Creed Mirage was easily one of the best games. IMO it is top 10,5,https://www.reddit.com/r/assassinscreed/comments/1g5y2ty/assassins_creed_mirage_was_easily_one_of_the_best/,ltzHavocNA
Assassin's Creed,ubisoft,Assassin Creed 3 (AC3) PC won't start,4,https://www.reddit.com/r/ubisoft/comments/1g5xrbz/assassin_creed_3_ac3_pc_wont_start/,Gaalahaaf
Assassin's Creed,pcgaming,Assassin's Creed Mirage is out on Steam with 50% Launch Discount. ,0,https://store.steampowered.com/app/3035570/Assassins_Creed_Mirage,Huraira91
Assassin's Creed,assassinscreed,Assassin´s Creed Proxy/Fan Art for Magic the Gathering TCG,49,https://www.reddit.com/gallery/1g5ssao,Pechvogelsama
Assassin's Creed,assassinscreed,PS5 Pro Assassin's Creed Games ??,5,https://www.reddit.com/r/assassinscreed/comments/1g5qz7b/ps5_pro_assassins_creed_games/,MusicSuccessful1461
Assassin's Creed,ubisoft,Is Ubisoft Connect down? I can't access any of my AC games on PC right now!,1,https://www.reddit.com/r/ubisoft/comments/1g5nfcw/is_ubisoft_connect_down_i_cant_access_any_of_my/,DeadTamagotchi3
Far Cry,gaming,What hand held system to get?,2,https://www.reddit.com/r/gaming/comments/1g60btr/what_hand_held_system_to_get/,PerspectiveRoyal8014
Far Cry,videogames,Recommendations for open-world RPGs on PS5? Feel like I've exhausted them all...,1,https://www.reddit.com/r/videogames/comments/1g5z5na/recommendations_for_openworld_rpgs_on_ps5_feel/,bchmgal
Far Cry,ubisoft,These new updates on steam?,0,https://www.reddit.com/r/ubisoft/comments/1g46jlj/these_new_updates_on_steam/,MrKonaKona
Far Cry,gaming,"Are there any stealth recommendations you guys have? excluding metal gear, splinter cell, thief, styx, hitman, dishonored, deus ex, far cry, assassins creed, mark of the ninja, and any games that have stealth in them but its a side feature rather than the focal point ",0,https://www.reddit.com/r/gaming/comments/1g3lrsh/are_there_any_stealth_recommendations_you_guys/,rekscoper2
Far Cry,gaming,Which minigame inside a game did you spend waaayy too much time on?,1751,https://www.reddit.com/r/gaming/comments/1g30rf4/which_minigame_inside_a_game_did_you_spend_waaayy/,FalscherKim
Far Cry,videogames,"The Last Of Us Part 2 is one of my favorite games and stories of all time, and I’m tired of pretending it’s not.",0,https://www.reddit.com/r/videogames/comments/1g2k4d8/the_last_of_us_part_2_is_one_of_my_favorite_games/,lxmohr
Far Cry,ubisoft,Will Ubisoft Track Progress Across Platforms,1,https://www.reddit.com/r/ubisoft/comments/1g0v3mz/will_ubisoft_track_progress_across_platforms/,HelpfulHandsomeHarry
Far Cry,gaming,What are some great first or third person shooters/action games people don’t talk about,10,https://www.reddit.com/r/gaming/comments/1g0nyo0/what_are_some_great_first_or_third_person/,CzarTyr
Far Cry,ubisoft,85% off Far Cry 5 on Epic Games,9,https://i.redd.it/mqz0ctwocntd1.jpeg,PixelSaharix
Far Cry,gaming,Analysis of Ubisoft Games Performance on Playstation,0,https://www.reddit.com/r/gaming/comments/1fz18ev/analysis_of_ubisoft_games_performance_on/,Zikari82
Rainbow Six,ubisoft,It won’t let me verify my r6 files.,1,https://www.reddit.com/r/ubisoft/comments/1g5ttjh/it_wont_let_me_verify_my_r6_files/,Puzzleheaded-Lemon89
Rainbow Six,ubisoft,Can i change my rainbow six account in geforce?,1,https://www.reddit.com/r/ubisoft/comments/1g3dmpa/can_i_change_my_rainbow_six_account_in_geforce/,Embarrassed_Disk9494
Rainbow Six,ubisoft,Rainbow Six Siege?,1,https://www.reddit.com/r/ubisoft/comments/1g30wog/rainbow_six_siege/,NotAFanOfThisGame
Rainbow Six,ubisoft,"Unable to download rainbow six seige, but able to download any other game through ubisoft.",2,https://www.reddit.com/r/ubisoft/comments/1g2vgy3/unable_to_download_rainbow_six_seige_but_able_to/,_catlover208
Rainbow Six,gaming,"Alibi, rainbow six siege ",110,https://i.redd.it/49n0s6n4eeud1.jpeg,Noukieisstupid
Rainbow Six,ubisoft,"If I buy Ubisoft+, when it ends will the games disappear?",0,https://www.reddit.com/r/ubisoft/comments/1fz6j84/if_i_buy_ubisoft_when_it_ends_will_the_games/,Specialist_Cry_6483
Rainbow Six,gaming,Analysis of Ubisoft Games Performance on Playstation,0,https://www.reddit.com/r/gaming/comments/1fz18ev/analysis_of_ubisoft_games_performance_on/,Zikari82
Rainbow Six,ubisoft,What I would do if I was in charge of Ubisoft ,0,https://www.reddit.com/r/ubisoft/comments/1fwek06/what_i_would_do_if_i_was_in_charge_of_ubisoft/,jfwns63
Rainbow Six,ubisoft,Ubisoft Fans: What Do You Want from Their Next Games?,0,https://www.reddit.com/r/ubisoft/comments/1fw9o7a/ubisoft_fans_what_do_you_want_from_their_next/,lyndonguitar
Rainbow Six,gaming,Rainbow Six 3 was peak Rainbow Six,149,https://www.reddit.com/r/gaming/comments/1fuv3rl/rainbow_six_3_was_peak_rainbow_six/,paperchampionpicture
Watch Dogs,gaming,Are There Any Videogames That Let You Pilot Animal Mechs?,0,https://www.reddit.com/r/gaming/comments/1g5bycm/are_there_any_videogames_that_let_you_pilot/,Stellar_Wings
Watch Dogs,videogames,"The Last Of Us Part 2 is one of my favorite games and stories of all time, and I’m tired of pretending it’s not.",0,https://www.reddit.com/r/videogames/comments/1g2k4d8/the_last_of_us_part_2_is_one_of_my_favorite_games/,lxmohr
Watch Dogs,videogames,My 12 year old son wanted to share his video game TOP TEN… so here you go!,4,https://www.reddit.com/r/videogames/comments/1g24rct/my_12_year_old_son_wanted_to_share_his_video_game/,TheLordAshram
Watch Dogs,videogames,My top 50 favorite games!,0,https://www.reddit.com/r/videogames/comments/1g1j5al/my_top_50_favorite_games/,TheRabidBadger43
Watch Dogs,gaming,Analysis of Ubisoft Games Performance on Playstation,0,https://www.reddit.com/r/gaming/comments/1fz18ev/analysis_of_ubisoft_games_performance_on/,Zikari82
Watch Dogs,ubisoft,When did Ubisoft fall off a cliff? Or was it a gradual decline?,27,https://www.reddit.com/r/ubisoft/comments/1fytvun/when_did_ubisoft_fall_off_a_cliff_or_was_it_a/,Nolan_q
Watch Dogs,assassinscreed,What are you hopes and expectations for coop in Assassin's Creed Shadows?,22,https://www.reddit.com/r/assassinscreed/comments/1fxs42m/what_are_you_hopes_and_expectations_for_coop_in/,AllFatherMedia93
Watch Dogs,ubisoft,The best ones? ,1,https://www.reddit.com/r/ubisoft/comments/1fxp9fq/the_best_ones/,Ok-Mathematician1369
Watch Dogs,ubisoft,What I would do if I was in charge of Ubisoft ,0,https://www.reddit.com/r/ubisoft/comments/1fwek06/what_i_would_do_if_i_was_in_charge_of_ubisoft/,jfwns63
Watch Dogs,ubisoft,How do i own these games?,5,https://www.reddit.com/r/ubisoft/comments/1fttkn5/how_do_i_own_these_games/,Dull-Paint33
The Division,videogames,What makes 7/10 games that magical sweetspot for a lot of discussion in your opinion?,2,https://www.reddit.com/r/videogames/comments/1g55lzv/what_makes_710_games_that_magical_sweetspot_for_a/,WhoAmIEven2
The Division,videogames,Shooters with Character Creators,1,https://www.reddit.com/r/videogames/comments/1g4mfcq/shooters_with_character_creators/,Biggy_DX
The Division,gaming,Tin foil hat time: is it possible that the latest games that have bombed are just a tax right off?,0,https://www.reddit.com/r/gaming/comments/1g2erzw/tin_foil_hat_time_is_it_possible_that_the_latest/,Zapzapbuffallo
The Division,gaming,Analysis of Ubisoft Games Performance on Playstation,0,https://www.reddit.com/r/gaming/comments/1fz18ev/analysis_of_ubisoft_games_performance_on/,Zikari82
The Division,gaming,"When was the last time, if ever, you really role played in a game",200,https://www.reddit.com/r/gaming/comments/1fygmt4/when_was_the_last_time_if_ever_you_really_role/,Ceriden
The Division,ubisoft,"From Loyal Fan to Loyal Hater, The Gamers Perspective ",347,https://i.redd.it/imqtkrdildtd1.jpeg,X-X-XIII
The Division,ubisoft,Ubisoft Is Reportedly Planning To Release 10 Assassin's Creed Games In Five Years,136,https://www.thegamer.com/ubisoft-is-reportedly-planning-to-release-10-assassins-creed-games-in-five-years/,Raidenski
The Division,pcgaming,"How to Eliminate Aliasing and ""Shimmering"" without DLSS and AA",0,https://www.reddit.com/r/pcgaming/comments/1fx1c83/how_to_eliminate_aliasing_and_shimmering_without/,ReclusiveEagle
The Division,videogames,Since Ubisoft seems to be going the way of the Dodo. What Ubisoft IPs will you miss if they go defunct?,0,https://i.redd.it/gpjz77nyyjsd1.jpeg,boogyninja1
The Division,gaming,"Fallout's bombs fell just before Halloween, and The Division's Dollar Flu spread just before Christmas. What are some other games with settings like this?",264,https://www.reddit.com/r/gaming/comments/1fun1g0/fallouts_bombs_fell_just_before_halloween_and_the/,heyuhitsyaboi
bug,assassinscreed,Assassins Creed Mirage was easily one of the best games. IMO it is top 10,4,https://www.reddit.com/r/assassinscreed/comments/1g5y2ty/assassins_creed_mirage_was_easily_one_of_the_best/,ltzHavocNA
bug,gaming,Objective gaming reviews are overrated,0,https://www.reddit.com/r/gaming/comments/1g5xg2w/objective_gaming_reviews_are_overrated/,babyLays
bug,gaming,Why Epic Store falls behind Steam in features,0,https://www.reddit.com/r/gaming/comments/1g5urat/why_epic_store_falls_behind_steam_in_features/,TwinSong
bug,assassinscreed,Assassin's Creed 3: Cannot complete Delivery Requests,1,https://www.reddit.com/r/assassinscreed/comments/1g5mzt1/assassins_creed_3_cannot_complete_delivery/,ShadowoftheBat94
bug,videogames,are there any actualvproblems with Dustborn?,0,https://www.reddit.com/r/videogames/comments/1g58ohw/are_there_any_actualvproblems_with_dustborn/,GokiPotato
bug,gaming,"Skyrim's lead designer admits Bethesda games lack 'polish,' but at some point you have to release a game even if you have a list of 700 known bugs",15127,https://www.pcgamer.com/gaming-industry/skyrims-lead-designer-admits-bethesda-games-lack-polish-but-at-some-point-you-have-to-release-a-game-even-if-you-have-a-list-of-700-known-bugs/,Roids-in-my-vains
bug,videogames,How does one acquire a “bug” from a game when others don’t have the same problem?,1,https://www.reddit.com/r/videogames/comments/1g4oe3s/how_does_one_acquire_a_bug_from_a_game_when/,Kurkil
bug,gaming,"What are some good/the best games that blends ""life simulator"" and ""fantasy adventure""?",14,https://www.reddit.com/r/gaming/comments/1g4o95l/what_are_some_goodthe_best_games_that_blends_life/,Adagar91
bug,ubisoft,I don't know if its supposed to a bug or not but i need help: ac mirage,1,https://www.reddit.com/r/ubisoft/comments/1g4f1wq/i_dont_know_if_its_supposed_to_a_bug_or_not_but_i/,Beneficial_Touch2439
bug,gaming,What's the most infuriating bug you've ever experienced?,15,https://www.reddit.com/r/gaming/comments/1g426cp/whats_the_most_infuriating_bug_youve_ever/,jakefrommyspace
glitch,gaming,Objective gaming reviews are overrated,0,https://www.reddit.com/r/gaming/comments/1g5xg2w/objective_gaming_reviews_are_overrated/,babyLays
glitch,gaming,General gaming question,0,https://www.reddit.com/r/gaming/comments/1g4s4wr/general_gaming_question/,V01d3d_f13nd
glitch,assassinscreed,"Help with AC Unity, kinda stuck",1,https://www.reddit.com/r/assassinscreed/comments/1g2yj1d/help_with_ac_unity_kinda_stuck/,rukawa40
glitch,gaming,Why is there an expectation that games cannot be glitchy?,0,https://www.reddit.com/r/gaming/comments/1g2ltcc/why_is_there_an_expectation_that_games_cannot_be/,mysticmeatball
glitch,videogames,My 12 year old son wanted to share his video game TOP TEN… so here you go!,3,https://www.reddit.com/r/videogames/comments/1g24rct/my_12_year_old_son_wanted_to_share_his_video_game/,TheLordAshram
glitch,videogames,Guile throw glitch,1,https://www.youtube.com/watch?v=0TPZkqMNihY,LiangHu
glitch,assassinscreed,Can't see my Jackdaw Upgrades in Black Flag [Need Help],3,https://www.reddit.com/r/assassinscreed/comments/1g1sxs3/cant_see_my_jackdaw_upgrades_in_black_flag_need/,ambiguousplayer
glitch,assassinscreed,[Syndicate] Helix Glitches missing from the map,2,https://www.reddit.com/r/assassinscreed/comments/1g08gjy/syndicate_helix_glitches_missing_from_the_map/,beesducks
glitch,ubisoft,"Avatar frontiers of pandora co-op broken? I'm stuck in ""local"" bur I have internet are the servers ok or is this a glitch? HELP",1,https://www.reddit.com/r/ubisoft/comments/1g00k7y/avatar_frontiers_of_pandora_coop_broken_im_stuck/,InfiniteAir2731
glitch,assassinscreed,Climbed all view points in AC1 but no objectives showed up?,35,https://i.redd.it/l5szsmolo9td1.png,PanicTreasure
broken,gaming,Recommendation for lesser known PC Singleplayer FPS,17,https://www.reddit.com/r/gaming/comments/1g5rt9m/recommendation_for_lesser_known_pc_singleplayer/,The_Scythe_8
broken,assassinscreed,"AC Valhalla's detection is not broken, just never explained",53,https://www.reddit.com/r/assassinscreed/comments/1g3y61s/ac_valhallas_detection_is_not_broken_just_never/,VincentPastor
broken,pcgaming,"While playing Elden Ring i feel dizzy, eyes kinda feel tired and I don't get a smooth experience. This only happens when playing ER",0,https://www.reddit.com/r/pcgaming/comments/1g2wx3z/while_playing_elden_ring_i_feel_dizzy_eyes_kinda/,DevineDrug
broken,assassinscreed,"Unnecessary, unorganized thoughts on AC Valhalla",12,https://www.reddit.com/r/assassinscreed/comments/1g2s1jy/unnecessary_unorganized_thoughts_on_ac_valhalla/,mrNumberSix
broken,gaming,Why is there an expectation that games cannot be glitchy?,0,https://www.reddit.com/r/gaming/comments/1g2ltcc/why_is_there_an_expectation_that_games_cannot_be/,mysticmeatball
broken,gaming,Happy Halloween Month Games List (2024 is the best year for Horror Gaming!),0,https://www.reddit.com/r/gaming/comments/1g23shs/happy_halloween_month_games_list_2024_is_the_best/,Aeonitis
broken,gaming,I just love how broken you can be in Diceomancer,0,https://www.reddit.com/r/gaming/comments/1g1pb2x/i_just_love_how_broken_you_can_be_in_diceomancer/,Clockwork1283
broken,ubisoft,"Avatar frontiers of pandora co-op broken? I'm stuck in ""local"" bur I have internet are the servers ok or is this a glitch? HELP",1,https://www.reddit.com/r/ubisoft/comments/1g00k7y/avatar_frontiers_of_pandora_coop_broken_im_stuck/,InfiniteAir2731
broken,ubisoft,checkout is broken,3,https://www.reddit.com/r/ubisoft/comments/1fybbj6/checkout_is_broken/,Sad-Profile-529
broken,gaming,"Until Dawn PC Remake Has a Broken Ray Tracing Experience, AMD FSR 3 Doesn't Work At All",1270,https://wccftech.com/until-dawn-pc-remake-has-a-broken-ray-tracing-experience-amd-fsr-3-doesnt-work-at-all/,PrinceDizzy
underwhelming,gaming,Am I the only one hating on rouge trader? i just want a pausable 40K crpg.,0,https://www.reddit.com/r/gaming/comments/1fyxa4y/am_i_the_only_one_hating_on_rouge_trader_i_just/,Whofail
underwhelming,videogames,For console gamers: What are some ways to improve our current and future console generations?,2,https://www.reddit.com/r/videogames/comments/1fjymm0/for_console_gamers_what_are_some_ways_to_improve/,SouthSunn
underwhelming,videogames,Please help me pick a video game(s) for my husband!,31,https://www.reddit.com/r/videogames/comments/1fd5hvc/please_help_me_pick_a_video_games_for_my_husband/,air-sushi
underwhelming,videogames,Skyrim VS The Witcher 2,0,https://www.reddit.com/r/videogames/comments/1f6xud6/skyrim_vs_the_witcher_2/,Dense-Performance-14
underwhelming,videogames,Hogwarts Legacy,1,https://www.reddit.com/r/videogames/comments/1f6nudb/hogwarts_legacy/,MoneyAgent4616
underwhelming,videogames,"Bluey, the Video Game and Co-Op",1,https://www.reddit.com/r/videogames/comments/1f167z6/bluey_the_video_game_and_coop/,PotterAndPitties
underwhelming,gaming,Make a plan for a non-gamer,17,https://www.reddit.com/r/gaming/comments/1ezgfb5/make_a_plan_for_a_nongamer/,-Pagani-
underwhelming,assassinscreed,The Desmond games should have been remade,0,https://www.reddit.com/r/assassinscreed/comments/1ex4irc/the_desmond_games_should_have_been_remade/,SnooPoems8932
underwhelming,assassinscreed,My Journey through the games so far.,4,https://www.reddit.com/r/assassinscreed/comments/1evpqn3/my_journey_through_the_games_so_far/,jjwackyjj
underwhelming,assassinscreed,Did you guys like Origins story?,87,https://www.reddit.com/r/assassinscreed/comments/1evlxiu/did_you_guys_like_origins_story/,Tommy_SVK
disappointing,assassinscreed,Why did the recent AC games become so soulless? ,0,https://www.reddit.com/r/assassinscreed/comments/1g6242v/why_did_the_recent_ac_games_become_so_soulless/,Waste-Bunch1777
disappointing,gaming,Biggest disappointments,0,https://www.reddit.com/r/gaming/comments/1g4htxc/biggest_disappointments/,Xantangum
disappointing,gaming,Am I crazy for not remembering Silent Hill 2 as very good?,0,https://www.reddit.com/r/gaming/comments/1g4brc7/am_i_crazy_for_not_remembering_silent_hill_2_as/,marvme98
disappointing,videogames,"Who else feels like P.T would've been a good horror game, but not a good Silent Hill game?",2,https://www.reddit.com/r/videogames/comments/1g3fhz4/who_else_feels_like_pt_wouldve_been_a_good_horror/,WhoAmIEven2
disappointing,ubisoft,Reminder that xdefiant exists,0,https://www.reddit.com/r/ubisoft/comments/1g3ff1i/reminder_that_xdefiant_exists/,maimoudakys
disappointing,ubisoft,Ghost Recon: Breakpoint,6,https://www.reddit.com/r/ubisoft/comments/1g1xaq0/ghost_recon_breakpoint/,Blackmist3k
disappointing,pcgaming,Finished Skald: Against the Black Priory,0,https://www.reddit.com/r/pcgaming/comments/1g0z4kt/finished_skald_against_the_black_priory/,Avatorn01
disappointing,videogames,Easily the most controversial game of 2024?,0,https://i.redd.it/z5qd08w5gwtd1.jpeg,lolitsrock
disappointing,videogames,What game release had you more hyped/excited as a kid??,1,https://www.reddit.com/r/videogames/comments/1g0dveg/what_game_release_had_you_more_hypedexcited_as_a/,Yolacarlos
disappointing,gaming,Congratulations to Demis Hassabis for winning the Nobel Prize in chemistry. Republic The Revolution is still the most disappointing game I have ever played and I won‘t let you forget it.,0,https://i.redd.it/za1r98wfsqtd1.jpeg,FistingforCompliment
overpriced,videogames,"Spectre Divide - ""Shroud's Game"" and Mountaintop CEO Nate Mitchell - Presumably Attempts to Cover Up Lying to Playerbase when Confronted about his ""Transparency"" being a ""False Statement"".  Because Answering would be ""Unproductive"" and ""Harmful"". ",0,https://www.reddit.com/r/videogames/comments/1g5yfnm/spectre_divide_shrouds_game_and_mountaintop_ceo/,BroxigarZ
overpriced,gaming,"Can we stop using the term ""Microtransactions""",4941,https://www.reddit.com/r/gaming/comments/1g4yd72/can_we_stop_using_the_term_microtransactions/,Wild_Thylacoleo
overpriced,gaming,Will GTA 6 save Xbox?,0,https://www.reddit.com/r/gaming/comments/1g09l7m/will_gta_6_save_xbox/,lordvader002
overpriced,videogames,Gaming consoles or game recomendations for long distance relationships?,0,https://www.reddit.com/r/videogames/comments/1fmxspo/gaming_consoles_or_game_recomendations_for_long/,disap_ointment
overpriced,gaming,"Can't believe Sony revealed an overpriced console, this has never happened before",11941,https://i.redd.it/yt86guzhf0od1.jpeg,LilFabbu
overpriced,videogames,"What is a game that you think is great, yet overpriced?",5,https://i.redd.it/17llwbbjg5jd1.jpeg,Mart1n192
overpriced,gaming,Looking for good split screen games on xbox?,16,https://www.reddit.com/r/gaming/comments/1ei8wk8/looking_for_good_split_screen_games_on_xbox/,geotristan
overpriced,pcgaming,Games removed from Steam / other storefronts that you've always wanted to return.,8,https://www.reddit.com/r/pcgaming/comments/1ea0qi1/games_removed_from_steam_other_storefronts_that/,MasterPusheen
overpriced,ubisoft,I bought AC Odyssey on the Ubisoft store - can I link it to steam to get achievements?,0,https://www.reddit.com/r/ubisoft/comments/1e40b0j/i_bought_ac_odyssey_on_the_ubisoft_store_can_i/,winterblue22
overpriced,videogames,Can a DLC cost too much?,1,https://www.reddit.com/r/videogames/comments/1df6kdo/can_a_dlc_cost_too_much/,Winterclaw42
bad experience,gaming,I do not get Silent Hill 2,0,https://www.reddit.com/r/gaming/comments/1g4qwqz/i_do_not_get_silent_hill_2/,robboffard
bad experience,videogames,Personal thoughts on the rise of chinese/korean games,5,https://www.reddit.com/r/videogames/comments/1g45cj9/personal_thoughts_on_the_rise_of_chinesekorean/,TheOnlyMeIsMe92
bad experience,videogames,I'm looking to start playing a Dark Souls (or a Soulsborne) game for the first time ever and I'm scared shitless of what lies ahead. Any suggestions on which one to start with for a newbie?,5,https://www.reddit.com/r/videogames/comments/1g4439l/im_looking_to_start_playing_a_dark_souls_or_a/,uscdoc2013
bad experience,videogames,My 12 year old son wanted to share his video game TOP TEN… so here you go!,4,https://www.reddit.com/r/videogames/comments/1g24rct/my_12_year_old_son_wanted_to_share_his_video_game/,TheLordAshram
bad experience,assassinscreed,I actually love AC: Unity! Sorry (or not?) for being 10 years late.,104,https://www.reddit.com/r/assassinscreed/comments/1g0p9qf/i_actually_love_ac_unity_sorry_or_not_for_being/,DomFakker37
bad experience,videogames,Help finding terrible indie vampire trilogy with Simon's Quest influence,2,https://www.reddit.com/r/videogames/comments/1fzmb3m/help_finding_terrible_indie_vampire_trilogy_with/,Cultural-Chemical-21
bad experience,videogames,Critically panned or unpopular games which you actually like?,12,https://www.reddit.com/r/videogames/comments/1fwho6b/critically_panned_or_unpopular_games_which_you/,Tasty_Comfortable_77
bad experience,videogames,Any souls style games without stress?,2,https://www.reddit.com/r/videogames/comments/1fv0rc0/any_souls_style_games_without_stress/,tombom789
bad experience,videogames,Fustration ,2,https://www.reddit.com/r/videogames/comments/1ftuu1o/fustration/,Pitiful-Beginning-70
bad experience,assassinscreed,Assassin’s Creed III Remastered is Borderline Unplayable!?,0,https://www.reddit.com/r/assassinscreed/comments/1ftleaw/assassins_creed_iii_remastered_is_borderline/,Euro_Twunk
poor performance,ubisoft,Second strike at Ubisoft is approaching,225,https://www.reddit.com/r/ubisoft/comments/1g3dwx5/second_strike_at_ubisoft_is_approaching/,l0vefrombehind
poor performance,assassinscreed,I actually love AC: Unity! Sorry (or not?) for being 10 years late.,101,https://www.reddit.com/r/assassinscreed/comments/1g0p9qf/i_actually_love_ac_unity_sorry_or_not_for_being/,DomFakker37
poor performance,assassinscreed,Playing every main game part 5: Assassin’s Creed re-review ,15,https://www.reddit.com/r/assassinscreed/comments/1fmcxfz/playing_every_main_game_part_5_assassins_creed/,Pricerocks
poor performance,assassinscreed,Assassin’s Creed III (My personal experience with the game),0,https://www.reddit.com/r/assassinscreed/comments/1fku2zd/assassins_creed_iii_my_personal_experience_with/,Slep1k
poor performance,videogames,Has Mobile Gaming Become More Viable Over Time? An Experiment.,0,https://www.reddit.com/r/videogames/comments/1f1dpss/has_mobile_gaming_become_more_viable_over_time_an/,SharkInSunglasses
poor performance,gaming,What are the best ways to know which gaming publishers/studios treat their dev teams right?,0,https://www.reddit.com/r/gaming/comments/1f0k9th/what_are_the_best_ways_to_know_which_gaming/,dylandongle
poor performance,gaming,"ROG Ally (X, Z1 Extreme) vs. SteamDeck (OLED, LCD) thoughts",0,https://www.reddit.com/r/gaming/comments/1ewb110/rog_ally_x_z1_extreme_vs_steamdeck_oled_lcd/,ZyklonCraw-X
poor performance,assassinscreed,The tyranny of king washington is peak,185,https://www.reddit.com/r/assassinscreed/comments/1euwkis/the_tyranny_of_king_washington_is_peak/,No_Barber4339
poor performance,gaming,It's my 15-year cake day and my 25th year in video games - Here’s highlights and lowlights as a video games professional and player,15,https://www.reddit.com/r/gaming/comments/1esa1tc/its_my_15year_cake_day_and_my_25th_year_in_video/,buzzspinner
poor performance,gaming,Black Myth: Wukong - performance level is comparable to Cyberpunk 2077 - quick RTX 4090 benchmark results + PathTracing On vs Off,8,https://www.reddit.com/r/gaming/comments/1er7n9r/black_myth_wukong_performance_level_is_comparable/,TheGejsza
bad management,videogames,Personal thoughts on the rise of chinese/korean games,6,https://www.reddit.com/r/videogames/comments/1g45cj9/personal_thoughts_on_the_rise_of_chinesekorean/,TheOnlyMeIsMe92
bad management,pcgaming,Finished Skald: Against the Black Priory,0,https://www.reddit.com/r/pcgaming/comments/1g0z4kt/finished_skald_against_the_black_priory/,Avatorn01
bad management,gaming,Finally played through Jedi Survivor... ,346,https://www.reddit.com/r/gaming/comments/1fsvut5/finally_played_through_jedi_survivor/,JinSecFlex
bad management,videogames,Initial Thoughts on Forever Winter?,11,https://i.redd.it/d12mk3zpo0rd1.jpeg,FoxxyYukon
bad management,gaming,The entirety of the 40k lore summed up for the new 40k fans (thanks to spacemarine 2),1,https://www.reddit.com/r/gaming/comments/1fnnr8q/the_entirety_of_the_40k_lore_summed_up_for_the/,Pender8911
bad management,gaming,I just finished FF16 and I'm really disappointed.,0,https://www.reddit.com/r/gaming/comments/1fn20i7/i_just_finished_ff16_and_im_really_disappointed/,neiviv28
bad management,assassinscreed,Playing every main game part 5: Assassin’s Creed re-review ,17,https://www.reddit.com/r/assassinscreed/comments/1fmcxfz/playing_every_main_game_part_5_assassins_creed/,Pricerocks
bad management,assassinscreed,"[Rant] Years later, I love Odyssey and hate Valhalla. ",70,https://www.reddit.com/r/assassinscreed/comments/1fg7m5a/rant_years_later_i_love_odyssey_and_hate_valhalla/,TheOneExpert
bad management,gaming,What could (possibly) save the Xbox brand as we know it?,0,https://www.reddit.com/r/gaming/comments/1feffy2/what_could_possibly_save_the_xbox_brand_as_we/,Jeh2ow
bad management,pcgaming,Getting into PC Gaming: Now vs. the 90's and 2000's?,0,https://www.reddit.com/r/pcgaming/comments/1feff5x/getting_into_pc_gaming_now_vs_the_90s_and_2000s/,Agent_Buckshot
scandal,pcgaming,"Sony, Ubisoft scandals prompt Calif. ban on deceptive sales of digital goods | New California law reminds us we don't own games and movies.",608,https://arstechnica.com/tech-policy/2024/09/sony-ubisoft-scandals-prompt-calif-ban-on-deceptive-sales-of-digital-goods/,chrisdh79
scandal,ubisoft,Is Ubisoft Really Behind the Botting on the Assassin's Creed Shadows Trailer? Let's Consider the Possibilities,0,https://www.reddit.com/r/ubisoft/comments/1fglw54/is_ubisoft_really_behind_the_botting_on_the/,PixelSaharix
scandal,videogames,Gaming is NOT dead,1818,https://i.redd.it/7a5strc0jzjd1.jpeg,Repulsive-Money7353
scandal,pcgaming,Thermal paste scandal with graphics cards? The hotspot problems on cards from various manufacturers have a common cause: greed | igor'sLAB,681,https://www.igorslab.de/en/cause-and-reasons-revealed-hotspot-problems-on-many-newer-graphics-cards-due-to-inferior-thermal-paste/,Imoraswut
scandal,gaming,free to play or pay to win... steam review nonsense?,0,https://www.reddit.com/r/gaming/comments/1ddlkxr/free_to_play_or_pay_to_win_steam_review_nonsense/,milkgoddaidan
scandal,assassinscreed,Where Was Infinity at Ubisoft Forward?,1,https://www.reddit.com/r/assassinscreed/comments/1dd3a5z/where_was_infinity_at_ubisoft_forward/,TheNerdWonder
scandal,gaming,Controllers have become fragile and more expensive and it is not a problem ,0,https://www.reddit.com/r/gaming/comments/1c41u7u/controllers_have_become_fragile_and_more/,kalelmotoko
scandal,gaming,What long dead/forgotten series deserves a comeback?,3173,https://www.reddit.com/r/gaming/comments/1bu72wu/what_long_deadforgotten_series_deserves_a_comeback/,djseifer
scandal,videogames,These days are you really anyone in the dev game if your launch or update DOESNT go nuclear?,0,https://www.reddit.com/r/videogames/comments/1bltk68/these_days_are_you_really_anyone_in_the_dev_game/,YouMeADD
scandal,ubisoft,Ubisoft Research Help?,1,https://www.reddit.com/r/ubisoft/comments/1artxxc/ubisoft_research_help/,Josh-Thoughts_99
lawsuit,pcgaming,Microsoft Settles Gamers’ Antitrust Lawsuit Over $69B Activision Blizzard Buy,112,https://www.hollywoodreporter.com/business/business-news/microsoft-settles-gamers-antitrust-lawsuit-seeking-divestiture-activision-blizzard-1236031977/,Turbostrider27
lawsuit,pcgaming,Here's another headache for Ubisoft: Lawsuit alleges it illegally shared Ubisoft Store customer data with Meta,526,https://www.pcgamer.com/gaming-industry/heres-another-headache-for-ubisoft-lawsuit-alleges-it-illegally-shared-ubisoft-store-customer-data-with-meta/,Mortanius
lawsuit,gaming,Here's another headache for Ubisoft: Lawsuit alleges it illegally shared Ubisoft Store customer data with Meta,2667,https://www.pcgamer.com/gaming-industry/heres-another-headache-for-ubisoft-lawsuit-alleges-it-illegally-shared-ubisoft-store-customer-data-with-meta/,TylerFortier_Photo
lawsuit,ubisoft,Ubisoft Targeted in Lawsuit Also Involving Meta,2,https://gamerant.com/ubisoft-meta-facebook-privacy-lawsuit-data-wiretapping-pixel/,renome
lawsuit,pcgaming,"Amid Nintendo’s Pokémon Lawsuit, Palworld Dev Pocketpair Signs Deal for Mobile Version - IGN",1126,https://www.ign.com/articles/amid-nintendos-pokmon-lawsuit-palworld-dev-pocketpair-signs-deal-for-mobile-version,DookyButter
lawsuit,videogames,"Does the Microsoft/Activision merger + FTC complaint against Microsoft + Microsoft's layoffs on Blizzard, etc have any link to the 2021 discrimination case against Activision-Blizzard?",0,https://www.reddit.com/r/videogames/comments/1fqoiib/does_the_microsoftactivision_merger_ftc_complaint/,JMAAMusic
lawsuit,videogames,Nintendo's Palworld Lawsuit is Heating Up! Palworld Delayed for PS5,1,https://youtu.be/tMCXfBpqhDo,chicagogamecollector
lawsuit,gaming,History repeating: Nintendo vs. Colplo and Nintendo vs. Poket Pair,2596,https://www.reddit.com/r/gaming/comments/1fm6l0i/history_repeating_nintendo_vs_colplo_and_nintendo/,tagle420
lawsuit,pcgaming,Thoughts and Analysis on the Nintendo-Palworld lawsuit by a patent professional ,416,https://www.reddit.com/r/pcgaming/comments/1fm0q11/thoughts_and_analysis_on_the_nintendopalworld/,yewwwwwwwwwwwwwwwww
lawsuit,pcgaming,Capcom wins patent lawsuit against Koei Tecmo,1022,https://www.gamesindustry.biz/capcom-wins-patent-lawsuit-against-koei-tecmo,brzzcode
toxic workplace,pcgaming,How much do companies/studios make during Steam sales?,0,https://www.reddit.com/r/pcgaming/comments/1fqav60/how_much_do_companiesstudios_make_during_steam/,tehWoodcock
toxic workplace,ubisoft,Ubisoft gets called out for toxic workplace,4,https://i.redd.it/98g3lpps1arc1.jpeg,sUrvial-
toxic workplace,gaming,"Today, December 29th, Bobby Kotick steps down as CEO of Activision/Blizzard/King",1469,https://www.reddit.com/r/gaming/comments/18tp8b5/today_december_29th_bobby_kotick_steps_down_as/,frauenarzZzt
toxic workplace,assassinscreed,Why are people defending the separation of Season Pass and Year 2?,0,https://www.reddit.com/r/assassinscreed/comments/rgi28l/why_are_people_defending_the_separation_of_season/,Quitthesht
toxic workplace,gaming,Starcraft 2 Releases Swastika shaped map named Berlingrad,0,https://www.reddit.com/r/gaming/comments/qbnom3/starcraft_2_releases_swastika_shaped_map_named/,craftytrickster
toxic workplace,gaming,Is it worth getting into the gaming industry?,2,https://www.reddit.com/r/gaming/comments/phyh1x/is_it_worth_getting_into_the_gaming_industry/,oooohyeahyeah
toxic workplace,ubisoft,In case you didn't know...It is now a public fact that Ubisoft is a toxic workplace promoting sexual harassement.,21,https://www.reddit.com/r/ubisoft/comments/hqnpci/in_case_you_didnt_knowit_is_now_a_public_fact/,0K4M1
toxic workplace,gaming,The Video Game Industry Has Become a Machine for Pretty Cardboard,3,https://www.reddit.com/r/gaming/comments/bihuxa/the_video_game_industry_has_become_a_machine_for/,GuyWhoHatesPolitics
toxic workplace,gaming,Quantic Dreams sues French media over toxic workplace allegations,6,https://www.greenmangaming.com/newsroom/2018/04/25/quantic-dreams-sues-french-media-over-toxic-workplace-allegations/,Karmas-Camera
CEO controversy,videogames,Controversial Question: What Activision accusations were actually proven?,0,https://www.reddit.com/r/videogames/comments/1aseoyg/controversial_question_what_activision/,RuggedTheDragon
CEO controversy,gaming,Activision Blizzard CEO Bobby Kotick Set To Leave In December—Here’s What To Know About His Controversies,1936,https://www.forbes.com/sites/conormurray/2023/10/13/activision-blizzard-ceo-bobby-kotick-set-to-leave-in-december-heres-what-to-know-about-his-controversies/,NoSkillzDad
CEO controversy,gaming,Unity CEO John Riccitiello to Step Down in Wake of Installment Fee Controversy,1505,https://www.ign.com/articles/unity-ceo-john-riccitiello-to-step-down-in-wake-of-installment-fee-controversy,Mnoonsnocket
CEO controversy,gaming,Why is Blizzard such a mess and ruining themselves and their Games right now?,2274,https://www.reddit.com/r/gaming/comments/154ko01/why_is_blizzard_such_a_mess_and_ruining/,FantasyForce
CEO controversy,pcgaming,Korean gamer's view at Dark and Darker issue (IronMace vs. Nexon),217,https://www.reddit.com/r/pcgaming/comments/125f6hx/korean_gamers_view_at_dark_and_darker_issue/,lfreddit23
CEO controversy,pcgaming,"A deep dive I did on ""Please, Don't Buy Atomic Heart.""",83,https://www.reddit.com/r/pcgaming/comments/111rl0w/a_deep_dive_i_did_on_please_dont_buy_atomic_heart/,Rem_Oculus
CEO controversy,gaming,Why do we not want to boycott blizzard?,6,https://www.reddit.com/r/gaming/comments/zgpwhz/why_do_we_not_want_to_boycott_blizzard/,Mr_Roboto19
CEO controversy,gaming,"Western Gaming (post 2013): A Tortured, Miserable pile of greed and inferiority.",0,https://www.reddit.com/r/gaming/comments/wi6yrf/western_gaming_post_2013_a_tortured_miserable/,Ok_Elderberry2045
CEO controversy,pcgaming,We are Jawa.gg and we want to be THE marketplace for gamers! AMA + Giveaway,0,https://www.reddit.com/r/pcgaming/comments/vtknl5/we_are_jawagg_and_we_want_to_be_the_marketplace/,JawaOfficial
CEO controversy,pcgaming,Why do video game development companies need to be this bad?,0,https://www.reddit.com/r/pcgaming/comments/pkhtau/why_do_video_game_development_companies_need_to/,De_Noir
bad leadership,gaming,It's my 15-year cake day and my 25th year in video games - Here’s highlights and lowlights as a video games professional and player,15,https://www.reddit.com/r/gaming/comments/1esa1tc/its_my_15year_cake_day_and_my_25th_year_in_video/,buzzspinner
bad leadership,gaming,"Should a video game franchise ""die"" if the original creators are no longer working on it?",0,https://www.reddit.com/r/gaming/comments/1dpvz4o/should_a_video_game_franchise_die_if_the_original/,Biggy_DX
bad leadership,videogames,"poeple always talk about companies that start good but turn bad,but has there ever been a example of the oppisite happening? a bad company turned into a good company after a change in leadership or other reasons?",2,https://www.reddit.com/r/videogames/comments/1d6hohp/poeple_always_talk_about_companies_that_start/,CULT-LEWD
bad leadership,assassinscreed,How The Templars could work in Assassin's Creed Shadows?,38,https://www.reddit.com/r/assassinscreed/comments/1cv5b5p/how_the_templars_could_work_in_assassins_creed/,dakenwayleague
bad leadership,assassinscreed,Ranking the Shire Arcs in AC: Valhalla,15,https://www.reddit.com/r/assassinscreed/comments/1crte1d/ranking_the_shire_arcs_in_ac_valhalla/,TheBlaringBlue
bad leadership,videogames,I want to share my first story (short summary) for a space opera RPG that i wrote around 20 years ago.,2,https://www.reddit.com/r/videogames/comments/1bhuo1m/i_want_to_share_my_first_story_short_summary_for/,ElvenNeko
bad leadership,assassinscreed,"Assassin's Creed Red: Leaks, Gameplay Details, and Concerns - A Breakdown",10,https://www.reddit.com/r/assassinscreed/comments/1bdrh4q/assassins_creed_red_leaks_gameplay_details_and/,Kentukkis
bad leadership,assassinscreed,Assassins Creed: A Retrospective (or: How I Learned to Stop Worrying and Hate AC3),0,https://www.reddit.com/r/assassinscreed/comments/18hpgoh/assassins_creed_a_retrospective_or_how_i_learned/,XDVRUK
bad leadership,videogames,People really need to calm down about BG3.,0,https://www.reddit.com/r/videogames/comments/15tu8yz/people_really_need_to_calm_down_about_bg3/,Yuukikoneko
bad leadership,assassinscreed,Assassin’s Creed Valhalla – Narrative Critique (Part 1),14,https://www.reddit.com/r/assassinscreed/comments/15194mz/assassins_creed_valhalla_narrative_critique_part_1/,AssassinsHome4
microtransactions,videogames,14 years ago this masterpiece of an expansion cost $9.99. Can't even buy a skin for that price today. ,121,https://i.redd.it/rzay5c2vvbvd1.jpeg,Totally_Not__An_AI
microtransactions,gaming,Good Phone Game with no Microtransactions ,0,https://www.reddit.com/r/gaming/comments/1g5rfqf/good_phone_game_with_no_microtransactions/,Here_For_Work_
microtransactions,gaming,Remember when unlocking characters felt like a real achievement?,566,https://www.reddit.com/r/gaming/comments/1g5nu4o/remember_when_unlocking_characters_felt_like_a/,Party_Secretary115
microtransactions,gaming,"Can we stop using the term ""Microtransactions""",4943,https://www.reddit.com/r/gaming/comments/1g4yd72/can_we_stop_using_the_term_microtransactions/,Wild_Thylacoleo
microtransactions,gaming,You’re given 400million to make a live service game ,0,https://www.reddit.com/r/gaming/comments/1g2z4b8/youre_given_400million_to_make_a_live_service_game/,8-bit-burn
microtransactions,pcgaming,Former Blizzard president planned to 'cut down' on microtransactions in Diablo 4 and reboot Overwatch before the Microsoft buyout,2692,https://www.pcgamer.com/games/rpg/former-blizzard-president-planned-to-cut-down-on-microtransactions-in-diablo-4-and-reboot-overwatch-before-the-microsoft-buyout/,paoloking
microtransactions,gaming,What driving game am I describing?,7,https://www.reddit.com/r/gaming/comments/1fzpz99/what_driving_game_am_i_describing/,codemunky
microtransactions,videogames,Let’s Annoy Ubisoft by Playing Their Old Games – Starting with Black Flag! Who’s In?,0,https://www.reddit.com/r/videogames/comments/1fzbki9/lets_annoy_ubisoft_by_playing_their_old_games/,Paaati
microtransactions,ubisoft,When did Ubisoft fall off a cliff? Or was it a gradual decline?,26,https://www.reddit.com/r/ubisoft/comments/1fytvun/when_did_ubisoft_fall_off_a_cliff_or_was_it_a/,Nolan_q
microtransactions,ubisoft,What are yall opinions on tencent buying ubisoft,0,https://www.reddit.com/r/ubisoft/comments/1fxa8be/what_are_yall_opinions_on_tencent_buying_ubisoft/,RoyalAssassinDC
DLC,pcgaming,Call to Arms - Gates of Hell: Ostfront - Airborne DLC out now,12,https://store.steampowered.com/news/app/400750/view/4543660921240223984,Mepherion
DLC,ubisoft,Ubisoft - Steam BRAWLHALLA,1,https://www.reddit.com/r/ubisoft/comments/1g5njx8/ubisoft_steam_brawlhalla/,Kurum4_Utsukush1
DLC,ubisoft,Is Ubisoft Connect down? I can't access any of my AC games on PC right now!,1,https://www.reddit.com/r/ubisoft/comments/1g5nfcw/is_ubisoft_connect_down_i_cant_access_any_of_my/,DeadTamagotchi3
DLC,videogames,Space Engineers - Game Giveaway,1,https://www.reddit.com/r/videogames/comments/1g4svb3/space_engineers_game_giveaway/,kanevast
DLC,assassinscreed,What does this symbol mean,323,https://i.redd.it/t9cd9js5dzud1.jpeg,detheROUGE
DLC,pcgaming,Alan Wake II: The Lake House DLC releases on 31 october 2024,680,https://sea.ign.com/alan-wake-ii-the-lake-house,beast_nvidia
DLC,assassinscreed,Ac4 multiplayer dlc trophy help?,6,https://www.reddit.com/r/assassinscreed/comments/1g3nwun/ac4_multiplayer_dlc_trophy_help/,Kollmian
DLC,assassinscreed,Who did hidden ones side with during events of roman history,13,https://www.reddit.com/r/assassinscreed/comments/1g3k66b/who_did_hidden_ones_side_with_during_events_of/,chabier_
DLC,ubisoft,When do you think you’ll give us the announcement for AFOP?,0,https://www.reddit.com/r/ubisoft/comments/1g3gv16/when_do_you_think_youll_give_us_the_announcement/,ThatCrazyGamerGirl
DLC,assassinscreed,Is there a good moment to start wearing assassin’s armor in Valhalla?,4,https://www.reddit.com/r/assassinscreed/comments/1g3ghvk/is_there_a_good_moment_to_start_wearing_assassins/,onimodddd
repetitive,videogames,Should I continue AC revelations? ,1,https://www.reddit.com/r/videogames/comments/1g5zxhi/should_i_continue_ac_revelations/,Pitiful-Beginning-70
repetitive,videogames,"Why do developers push 50+, 70+, 100+ hours content even though people do not play it?",0,https://www.reddit.com/r/videogames/comments/1g5lko6/why_do_developers_push_50_70_100_hours_content/,molym
repetitive,gaming,Am I the only one who thinks that some of the most played games owe its fanbase almost entirely to: A) Being free // B) playing perfectly on potato hardware?,0,https://www.reddit.com/r/gaming/comments/1g2wkn3/am_i_the_only_one_who_thinks_that_some_of_the/,NoCase9317
repetitive,videogames,Tell me about your favorite combat systems ,32,https://i.redd.it/khvcvs52chud1.jpeg,Funkermonster
repetitive,assassinscreed,"Just Finished AC1, Here are some thoughts.",121,https://www.reddit.com/r/assassinscreed/comments/1g22h4h/just_finished_ac1_here_are_some_thoughts/,Phoenix171187
repetitive,videogames,This game deserved more recognition among communities for how much underrated and underlooked it is,2,https://i.redd.it/tv3q8srerbud1.jpeg,andreaaaaaaaaaah
repetitive,videogames,"If the mobile game industry knows full well what sort of interactive game ads will draw attention and make people click, why don't they design their games like that?",2,https://www.reddit.com/r/videogames/comments/1g1y7bw/if_the_mobile_game_industry_knows_full_well_what/,SinancoTheBest
repetitive,assassinscreed,My review of Assassin’s creed 1,0,https://www.reddit.com/r/assassinscreed/comments/1g1ucro/my_review_of_assassins_creed_1/,Renn_goonas
repetitive,videogames,I don’t usually turn based combat so will I like Paper Mario?,0,https://www.reddit.com/r/videogames/comments/1g1q8kp/i_dont_usually_turn_based_combat_so_will_i_like/,DelusionalAbyss
repetitive,assassinscreed,I actually love AC: Unity! Sorry (or not?) for being 10 years late.,103,https://www.reddit.com/r/assassinscreed/comments/1g0p9qf/i_actually_love_ac_unity_sorry_or_not_for_being/,DomFakker37
pay-to-win,videogames,My 12 year old son wanted to share his video game TOP TEN… so here you go!,4,https://www.reddit.com/r/videogames/comments/1g24rct/my_12_year_old_son_wanted_to_share_his_video_game/,TheLordAshram
pay-to-win,videogames,Videos games not hitting anymore,0,https://www.reddit.com/r/videogames/comments/1fxqe5k/videos_games_not_hitting_anymore/,Angryscot_JJ
pay-to-win,gaming,Looking for a Persistent-World Strategy Game with City-Building and PvP ? ,0,https://www.reddit.com/r/gaming/comments/1fubioo/looking_for_a_persistentworld_strategy_game_with/,mathiuscov
pay-to-win,gaming,Real time deck building games?,4,https://www.reddit.com/r/gaming/comments/1fqk1ix/real_time_deck_building_games/,AydenBoyle
pay-to-win,gaming,History repeating: Nintendo vs. Colplo and Nintendo vs. Poket Pair,2602,https://www.reddit.com/r/gaming/comments/1fm6l0i/history_repeating_nintendo_vs_colplo_and_nintendo/,tagle420
pay-to-win,videogames," Does Anyone Have Any Recommendations for An Online Game I Can Try?
",2,https://www.reddit.com/r/videogames/comments/1fls5u3/does_anyone_have_any_recommendations_for_an/,Nintendontdothat296
pay-to-win,videogames,Genshin hate is weird,0,https://www.reddit.com/r/videogames/comments/1fbuxzx/genshin_hate_is_weird/,KroiCH
pay-to-win,gaming,What game sequel added the worst mechanic?,3616,https://www.reddit.com/r/gaming/comments/1eyeyoe/what_game_sequel_added_the_worst_mechanic/,ChaosSlave51
pay-to-win,videogames,Who likes pay to win games ??   ,0,https://i.redd.it/w7c77rqumbgd1.jpeg,Mamerson2023
pay-to-win,gaming,Good non-pay to win pvp mobile games,1,https://www.reddit.com/r/gaming/comments/1effn0f/good_nonpay_to_win_pvp_mobile_games/,Superpe0n
poor optimization,pcgaming,Which AC games that are poorly optimized?,0,https://www.reddit.com/r/pcgaming/comments/1g51lpk/which_ac_games_that_are_poorly_optimized/,Peanut_Wizard
poor optimization,gaming,Alice: Madness Returns ( a fun game for $1.5 but it was poorly optimized),4487,https://i.redd.it/jo4ilgivkrrd1.png,dulun18
poor optimization,gaming,Warhammer 40k space Marine 2,0,https://www.reddit.com/r/gaming/comments/1fdghbg/warhammer_40k_space_marine_2/,Thizen
poor optimization,pcgaming,My interview with the creator of Junk Store: a way to play Epic Games on Valve's hand-held Steam Deck,81,https://www.reddit.com/r/pcgaming/comments/1e8a8l8/my_interview_with_the_creator_of_junk_store_a_way/,flwwhtrbt
poor optimization,videogames,There are way worse companies than EA,13,https://www.reddit.com/r/videogames/comments/1dd99f1/there_are_way_worse_companies_than_ea/,Willing_Throat3362
poor optimization,ubisoft,Why is Ghost Recon Wildlands so poorly optimized?,0,https://www.reddit.com/r/ubisoft/comments/1d1jcgx/why_is_ghost_recon_wildlands_so_poorly_optimized/,Substantial_Hotel_10
poor optimization,videogames,Kotaku is terrible. Any suggestions for better gaming news sites?,60,https://www.reddit.com/r/videogames/comments/1cmq7k1/kotaku_is_terrible_any_suggestions_for_better/,Darth_Caustic
poor optimization,gaming,Rating all games I have played so far,0,https://www.reddit.com/r/gaming/comments/1bu75bq/rating_all_games_i_have_played_so_far/,armin-lakatos
poor optimization,assassinscreed,"So, I just played the infamous Unity mission ""The Tournament"" solo and this are my thoughts.",0,https://www.reddit.com/r/assassinscreed/comments/1b8jnfc/so_i_just_played_the_infamous_unity_mission_the/,Notya_Bisnes
poor optimization,gaming,It's time for me to acknowledge this game,0,https://www.reddit.com/r/gaming/comments/190vx0o/its_time_for_me_to_acknowledge_this_game/,Throwawaymytrash77
