id,id_str,url,date,user_id,user_id_str,user_url,username,displayname,rawDescription,user_created,followersCount,friendsCount,statusesCount,favouritesCount,listedCount,mediaCount,location,profileImageUrl,profileBannerUrl,protected,verified,blue,lang,rawContent,replyCount,retweetCount,likeCount,quoteCount,bookmarkedCount,conversationId,conversationIdStr,source,sourceUrl,sourceLabel,sentiment,negative,neutral,positive
656539942,656539942,https://x.com/INFECTED503/status/656539942,2008-01-29T20:23:54+00:00,5059601,5059601,https://x.com/INFECTED503,INFECTED503,Zac,Father of two boys! Lover of one great woman! Disc Golfer Extraordinaire!,2007-04-18T01:34:46+00:00,849,322,43907,223,45,618,"Salem, OR",https://pbs.twimg.com/profile_images/1469806747/infected_normal.jpg,https://pbs.twimg.com/profile_banners/5059601/1499170942,,False,False,en,"with COD4, H3, RB6V2 coming do we need/want more content for GRAW2? ubisoft need a little funding to finish RB6V2 or what? & $10? c'mon ubi.",0,0,0,0,0,656539942,656539942,"<a href=""http://www.cloudhopper.com/"" rel=""nofollow"">Twitter SMS</a>",http://www.cloudhopper.com/,Twitter SMS,"{'positive': 0.17876059, 'neutral': 0.2528579, 'negative': 0.5683815}",0.5683815,0.2528579,0.17876059
656422392,656422392,https://x.com/xanapa/status/656422392,2008-01-29T19:47:11+00:00,9761092,9761092,https://x.com/xanapa,xanapa,xanapa,,2007-10-28T21:15:14+00:00,72,0,37889,0,21,0,Paris,https://pbs.twimg.com/profile_images/34645722/xanapa-twitter_normal.jpg,,,False,False,fr,"Xanapa GRAW 2 : du nouveau sur le Live: Toujours dans l'optique de choyer ses joueurs, Ubisoft propo.. http://tinyurl.com/2ofxnb",0,0,0,0,0,656422392,656422392,"<a href=""http://twitter.com"" rel=""nofollow"">Twitter Web Client</a>",http://twitter.com,Twitter Web Client,"{'positive': 0.036800403, 'neutral': 0.4350219, 'negative': 0.5281777}",0.5281777,0.4350219,0.036800403
655931192,655931192,https://x.com/botonturbo/status/655931192,2008-01-29T17:27:20+00:00,9874352,9874352,https://x.com/botonturbo,botonturbo,botonturbo,,2007-11-02T03:49:09+00:00,57,0,4764,0,4,0,,https://abs.twimg.com/sticky/default_profile_images/default_profile_normal.png,,,False,False,es,"Ubi-Atrasos y Assassin‚Äôs Creed (PC): Ubisoft contraacata con m√°s retrasos, entre ellos, el esperado &#.. http://tinyurl.com/26uhg4",0,0,0,0,0,655931192,655931192,"<a href=""http://twitter.com"" rel=""nofollow"">Twitter Web Client</a>",http://twitter.com,Twitter Web Client,"{'positive': 0.016078059, 'neutral': 0.15672943, 'negative': 0.8271924}",0.8271924,0.15672943,0.016078059
655509862,655509862,https://x.com/darthmario/status/655509862,2008-01-29T15:37:26+00:00,12650822,12650822,https://x.com/darthmario,darthmario,Nate Craddock,"Solution Architect, Pantheon Systems",2008-01-24T18:30:03+00:00,249,202,3236,287,14,116,"Dripping Springs, TX",https://pbs.twimg.com/profile_images/1133190543100583936/DsnvIiNY_normal.png,https://pbs.twimg.com/profile_banners/12650822/1559009344,,False,False,en,The Ubisoft language games are actually not bad. I've got French - which I'm already familiar with - and will pick up Spanish.,0,0,0,0,0,655509862,655509862,"<a href=""http://www.cloudhopper.com/"" rel=""nofollow"">Twitter SMS</a>",http://www.cloudhopper.com/,Twitter SMS,"{'positive': 0.06763262, 'neutral': 0.22328767, 'negative': 0.7090796}",0.7090796,0.22328767,0.06763262
654679092,654679092,https://x.com/n4g_pc/status/654679092,2008-01-29T11:30:50+00:00,9598602,9598602,https://x.com/n4g_pc,n4g_pc,n4g_pc,RSS Feed from the pc section of http://t.co/bXK5wWOVud,2007-10-22T14:21:00+00:00,378,0,12980,0,21,0,,https://pbs.twimg.com/profile_images/33984972/3642_sml_normal.png,,,False,False,en,twe4ked.com Ubisoft delays Assassins Creed and Dark Messiah of Might and Magic : Ubisoft has re.. http://tinyurl.com/2ycwcg,0,0,0,0,0,654679092,654679092,"<a href=""http://twitter.com"" rel=""nofollow"">Twitter Web Client</a>",http://twitter.com,Twitter Web Client,"{'positive': 0.025381109, 'neutral': 0.27524677, 'negative': 0.6993722}",0.6993722,0.27524677,0.025381109
654678852,654678852,https://x.com/N4G/status/654678852,2008-01-29T11:30:47+00:00,9598442,9598442,https://x.com/N4G,N4G,N4G,The only official twitter for N4G! The hottest and latest video game news from around the world.,2007-10-22T14:11:38+00:00,21744,2464,183496,93,877,115923,,https://pbs.twimg.com/profile_images/2202388179/n4g-medium-logo-on-grey_normal.png,https://pbs.twimg.com/profile_banners/9598442/1400099830,,False,False,en,twe4ked.com Ubisoft delays Assassins Creed and Dark Messiah of Might and Magic : Ubisoft has revea.. http://tinyurl.com/yus8sc,0,0,0,0,0,654678852,654678852,"<a href=""http://twitter.com"" rel=""nofollow"">Twitter Web Client</a>",http://twitter.com,Twitter Web Client,"{'positive': 0.027748557, 'neutral': 0.27186158, 'negative': 0.70038986}",0.70038986,0.27186158,0.027748557
652742622,652742622,https://x.com/xanapa/status/652742622,2008-01-28T23:45:26+00:00,9761092,9761092,https://x.com/xanapa,xanapa,xanapa,,2007-10-28T21:15:14+00:00,72,0,37889,0,21,0,Paris,https://pbs.twimg.com/profile_images/34645722/xanapa-twitter_normal.jpg,,,False,False,fr,Xanapa Nouvelles armes et nouvelles maps pour GRAW2: Le jeu d'Ubisoft sorti depuis d√©j√† un bon momen.. http://tinyurl.com/345snk,0,0,0,0,0,652742622,652742622,"<a href=""http://twitter.com"" rel=""nofollow"">Twitter Web Client</a>",http://twitter.com,Twitter Web Client,"{'positive': 0.02036256, 'neutral': 0.444782, 'negative': 0.5348554}",0.5348554,0.444782,0.02036256
652427182,652427182,https://x.com/N4G/status/652427182,2008-01-28T22:01:31+00:00,9598442,9598442,https://x.com/N4G,N4G,N4G,The only official twitter for N4G! The hottest and latest video game news from around the world.,2007-10-22T14:11:38+00:00,21744,2464,183496,93,877,115923,,https://pbs.twimg.com/profile_images/2202388179/n4g-medium-logo-on-grey_normal.png,https://pbs.twimg.com/profile_banners/9598442/1400099830,,False,False,en,"twe4ked.com HAZE: Free Radical &amp; Ubisoft Speak on Delay: onAXIS: &quot;If you haven't heard, H.. http://tinyurl.com/2e5d3e",0,0,0,0,0,652427182,652427182,"<a href=""http://twitter.com"" rel=""nofollow"">Twitter Web Client</a>",http://twitter.com,Twitter Web Client,"{'positive': 0.06635824, 'neutral': 0.07924834, 'negative': 0.8543934}",0.8543934,0.07924834,0.06635824
650397312,650397312,https://x.com/xanapa/status/650397312,2008-01-28T11:45:16+00:00,9761092,9761092,https://x.com/xanapa,xanapa,xanapa,,2007-10-28T21:15:14+00:00,72,0,37889,0,21,0,Paris,https://pbs.twimg.com/profile_images/34645722/xanapa-twitter_normal.jpg,,,False,False,fr,Xanapa Lost Via Domus : nouvelles images: Ubisoft nous d?voile de nouvelles images de Lost : Via Dom.. http://tinyurl.com/2c9ran,0,0,0,0,0,650397312,650397312,"<a href=""http://twitter.com"" rel=""nofollow"">Twitter Web Client</a>",http://twitter.com,Twitter Web Client,"{'positive': 0.03823957, 'neutral': 0.313077, 'negative': 0.6486834}",0.6486834,0.313077,0.03823957
649298402,649298402,https://x.com/N4G/status/649298402,2008-01-28T04:29:24+00:00,9598442,9598442,https://x.com/N4G,N4G,N4G,The only official twitter for N4G! The hottest and latest video game news from around the world.,2007-10-22T14:11:38+00:00,21744,2464,183496,93,877,115923,,https://pbs.twimg.com/profile_images/2202388179/n4g-medium-logo-on-grey_normal.png,https://pbs.twimg.com/profile_banners/9598442/1400099830,,False,False,en,twe4ked.com New best buy bunddle 40gb with 2 Ubisoft Games.: BestBuy Canada have a new bunddle wit.. http://tinyurl.com/33wnrr,0,0,0,0,0,649298402,649298402,"<a href=""http://twitter.com"" rel=""nofollow"">Twitter Web Client</a>",http://twitter.com,Twitter Web Client,"{'positive': 0.024445979, 'neutral': 0.23427726, 'negative': 0.74127674}",0.74127674,0.23427726,0.024445979
645678392,645678392,https://x.com/timbitns/status/645678392,2008-01-27T03:13:36+00:00,12651942,12651942,https://x.com/timbitns,timbitns,timbitns,"Just like blogging and stuff,  and ranting online, just a great place to get your opinions heard.",2008-01-24T18:58:15+00:00,3,6,24,0,0,0,Canada,https://pbs.twimg.com/profile_images/46637972/stickman_pointingright_lg_w_normal.gif,,,False,False,en,"Playing Call of Juarez, thie does feel like it is gonna be a good game, i see its made by Ubisoft, so that shows it will be good",0,0,0,0,0,645678392,645678392,"<a href=""http://twitter.com"" rel=""nofollow"">Twitter Web Client</a>",http://twitter.com,Twitter Web Client,"{'positive': 0.018552609, 'neutral': 0.10470233, 'negative': 0.87674505}",0.87674505,0.10470233,0.018552609
639699272,639699272,https://x.com/Everton1878/status/639699272,2008-01-25T09:48:53+00:00,8656342,8656342,https://x.com/Everton1878,Everton1878,Everton1878,,2007-09-04T20:59:46+00:00,98,76,3184,35,2,3,,https://pbs.twimg.com/profile_images/528097600/twitterProfilePhoto_normal.jpg,,,False,False,en,"PS3 game cancellations. Just call it a Blu ray player that can play some games: &#160;
Ubisoft has co.. http://tinyurl.com/38ftl7",0,0,0,0,0,639699272,639699272,"<a href=""http://twitter.com"" rel=""nofollow"">Twitter Web Client</a>",http://twitter.com,Twitter Web Client,"{'positive': 0.07512014, 'neutral': 0.32222617, 'negative': 0.6026537}",0.6026537,0.32222617,0.07512014
638744712,638744712,https://x.com/Neo_Win/status/638744712,2008-01-25T03:36:06+00:00,6742672,6742672,https://x.com/Neo_Win,Neo_Win,Neo Win,,2007-06-11T14:38:37+00:00,271,0,26408,0,16,0,,https://pbs.twimg.com/profile_images/29383282/neowin_feedlogo_normal.png,,,False,False,en,Far Cry 2 Engine Demo: Far Cry 2 is an upcoming first person shooter published by Ubisoft and is the sequ.. http://tinyurl.com/2xwrbb,0,0,0,0,0,638744712,638744712,"<a href=""http://twitter.com"" rel=""nofollow"">Twitter Web Client</a>",http://twitter.com,Twitter Web Client,"{'positive': 0.022431763, 'neutral': 0.17028388, 'negative': 0.80728436}",0.80728436,0.17028388,0.022431763
638550232,638550232,https://x.com/xanapa/status/638550232,2008-01-25T02:46:24+00:00,9761092,9761092,https://x.com/xanapa,xanapa,xanapa,,2007-10-28T21:15:14+00:00,72,0,37889,0,21,0,Paris,https://pbs.twimg.com/profile_images/34645722/xanapa-twitter_normal.jpg,,,False,False,fr,Xanapa Prince Of Persia 4 arrive en 2009: Ubisoft cartonne ! C'est en effet ce que nous montre l'art.. http://tinyurl.com/26hp4t,0,0,0,0,0,638550232,638550232,"<a href=""http://twitter.com"" rel=""nofollow"">Twitter Web Client</a>",http://twitter.com,Twitter Web Client,"{'positive': 0.20556906, 'neutral': 0.2536618, 'negative': 0.5407691}",0.5407691,0.2536618,0.20556906
638050382,638050382,https://x.com/haripakorss/status/638050382,2008-01-24T23:44:30+00:00,8331192,8331192,https://x.com/haripakorss,haripakorss,Feeds by Haripako,Google Reader Feeds by Francisco Vargas aka Haripako,2007-08-21T14:48:27+00:00,430,1,169558,0,11,48,Barcelona,https://pbs.twimg.com/profile_images/20397532/IMG_0437.JPG_normal.jpg,,,False,False,es,"'El Imperio del Este': primera expansi√≥n de 'The Settlers: Construye tu Imperio': 

	Ubisoft ha anunc.. http://tinyurl.com/22x2uf",0,0,0,0,0,638050382,638050382,"<a href=""http://twitter.com"" rel=""nofollow"">Twitter Web Client</a>",http://twitter.com,Twitter Web Client,"{'positive': 0.025893627, 'neutral': 0.21723466, 'negative': 0.7568717}",0.7568717,0.21723466,0.025893627
637766442,637766442,https://x.com/n4g_pc/status/637766442,2008-01-24T22:02:44+00:00,9598602,9598602,https://x.com/n4g_pc,n4g_pc,n4g_pc,RSS Feed from the pc section of http://t.co/bXK5wWOVud,2007-10-22T14:21:00+00:00,378,0,12980,0,21,0,,https://pbs.twimg.com/profile_images/33984972/3642_sml_normal.png,,,False,False,en,twe4ked.com New Lost : Via Domus Making of video: Ubisoft released a new Lost: Via Domus making.. http://tinyurl.com/3895vr,0,0,0,0,0,637766442,637766442,"<a href=""http://twitter.com"" rel=""nofollow"">Twitter Web Client</a>",http://twitter.com,Twitter Web Client,"{'positive': 0.036331598, 'neutral': 0.1657058, 'negative': 0.7979626}",0.7979626,0.1657058,0.036331598
637766312,637766312,https://x.com/n4g_pc/status/637766312,2008-01-24T22:02:43+00:00,9598602,9598602,https://x.com/n4g_pc,n4g_pc,n4g_pc,RSS Feed from the pc section of http://t.co/bXK5wWOVud,2007-10-22T14:21:00+00:00,378,0,12980,0,21,0,,https://pbs.twimg.com/profile_images/33984972/3642_sml_normal.png,,,False,False,en,twe4ked.com The Settlers: Rise of an Empire - Empire of the East announced - Screens: Ubisoft a.. http://tinyurl.com/3cn2bw,0,0,0,0,0,637766312,637766312,"<a href=""http://twitter.com"" rel=""nofollow"">Twitter Web Client</a>",http://twitter.com,Twitter Web Client,"{'positive': 0.055628344, 'neutral': 0.1283087, 'negative': 0.8160629}",0.8160629,0.1283087,0.055628344
637755792,637755792,https://x.com/gamewire/status/637755792,2008-01-24T21:59:25+00:00,9532862,9532862,https://x.com/gamewire,gamewire,GameWire,"The latest video game news! For XBOX, PlayStation, Wii and PC gamers. A service of millerfilm: https://t.co/ecAuFBDEGD",2007-10-19T00:53:44+00:00,2147,78,6672,8,138,0,,https://pbs.twimg.com/profile_images/33684972/xboxlogo_normal.jpg,,,False,False,en,Pachter: Ubisoft to double revenue by 2010: Wedbush Morgan Securities analyst projects continued gains b.. http://tinyurl.com/2ucugp,0,0,0,0,0,637755792,637755792,"<a href=""http://twitter.com"" rel=""nofollow"">Twitter Web Client</a>",http://twitter.com,Twitter Web Client,"{'positive': 0.07328443, 'neutral': 0.36205718, 'negative': 0.5646584}",0.5646584,0.36205718,0.07328443
637356802,637356802,https://x.com/n4g_pc/status/637356802,2008-01-24T19:32:40+00:00,9598602,9598602,https://x.com/n4g_pc,n4g_pc,n4g_pc,RSS Feed from the pc section of http://t.co/bXK5wWOVud,2007-10-22T14:21:00+00:00,378,0,12980,0,21,0,,https://pbs.twimg.com/profile_images/33984972/3642_sml_normal.png,,,False,False,en,twe4ked.com Ubisoft shoots down numerous recent Far Cry 2 rumors: There have been some incorrec.. http://tinyurl.com/2ucpqk,0,0,0,0,0,637356802,637356802,"<a href=""http://twitter.com"" rel=""nofollow"">Twitter Web Client</a>",http://twitter.com,Twitter Web Client,"{'positive': 0.01834244, 'neutral': 0.20302255, 'negative': 0.778635}",0.778635,0.20302255,0.01834244
636729292,636729292,https://x.com/joery/status/636729292,2008-01-24T16:06:17+00:00,9773282,9773282,https://x.com/joery,joery,Joery Bruijntjes,Freelancer | PO / Scrum Master | Classic lurker when it comes to Twitter.,2007-10-29T12:14:50+00:00,451,62,4936,316,43,33,"Weesp, the Netherlands",https://pbs.twimg.com/profile_images/1600179076882472962/srFLYWvl_normal.jpg,https://pbs.twimg.com/profile_banners/9773282/1669408470,,False,False,nl,Komst van nieuwe Prince of Persia game is bevestigd door Ubisoft :-),0,0,0,0,0,636729292,636729292,"<a href=""http://twitter.com"" rel=""nofollow"">Twitter Web Client</a>",http://twitter.com,Twitter Web Client,"{'positive': 0.02021306, 'neutral': 0.2693544, 'negative': 0.7104325}",0.7104325,0.2693544,0.02021306
636238542,636238542,https://x.com/haripakorss/status/636238542,2008-01-24T13:44:05+00:00,8331192,8331192,https://x.com/haripakorss,haripakorss,Feeds by Haripako,Google Reader Feeds by Francisco Vargas aka Haripako,2007-08-21T14:48:27+00:00,430,1,169558,0,11,48,Barcelona,https://pbs.twimg.com/profile_images/20397532/IMG_0437.JPG_normal.jpg,,,False,False,es,"Ubisoft prepara un nuevo 'Prince of Persia': 

	Buenas noticias para los seguidores de sus aventuras:.. http://tinyurl.com/3de2jx",0,0,0,0,0,636238542,636238542,"<a href=""http://twitter.com"" rel=""nofollow"">Twitter Web Client</a>",http://twitter.com,Twitter Web Client,"{'positive': 0.01342533, 'neutral': 0.24266654, 'negative': 0.74390805}",0.74390805,0.24266654,0.01342533
636059322,636059322,https://x.com/haripakorss/status/636059322,2008-01-24T12:44:44+00:00,8331192,8331192,https://x.com/haripakorss,haripakorss,Feeds by Haripako,Google Reader Feeds by Francisco Vargas aka Haripako,2007-08-21T14:48:27+00:00,430,1,169558,0,11,48,Barcelona,https://pbs.twimg.com/profile_images/20397532/IMG_0437.JPG_normal.jpg,,,False,False,es,"Ubisoft prepara un nuevo 'Prince of Persia': 

	Buenas noticias para los seguidores de sus aventuras:.. http://tinyurl.com/3de2jx",0,0,0,0,0,636059322,636059322,"<a href=""http://twitter.com"" rel=""nofollow"">Twitter Web Client</a>",http://twitter.com,Twitter Web Client,"{'positive': 0.01342533, 'neutral': 0.24266654, 'negative': 0.74390805}",0.74390805,0.24266654,0.01342533
636032882,636032882,https://x.com/heiseonline/status/636032882,2008-01-24T12:35:19+00:00,3197921,3197921,https://x.com/heiseonline,heiseonline,heise online,"News rund um Technik, IT und Digitales. https://t.co/I6QIoE5Lwc & https://t.co/GiNJsPlmYX https://t.co/32YC3bAyBD https://t.co/z6RDbdNCyv",2007-04-02T09:20:48+00:00,240277,43,199497,2038,4745,2428,"Hannover, Germany",https://pbs.twimg.com/profile_images/1770026001000513537/HyrUJ9uR_normal.jpg,https://pbs.twimg.com/profile_banners/3197921/1593415237,,False,False,de,Ubisoft steigert Umsatz um 44 Prozent  http://www.heise.de/newsticker/meldung/102379/from/rss09,0,0,0,0,0,636032882,636032882,"<a href=""http://twitter.com"" rel=""nofollow"">Twitter Web Client</a>",http://twitter.com,Twitter Web Client,"{'positive': 0.044557415, 'neutral': 0.4582034, 'negative': 0.49723917}",0.49723917,0.4582034,0.044557415
635923822,635923822,https://x.com/NoFrag/status/635923822,2008-01-24T11:56:21+00:00,7257532,7257532,https://x.com/NoFrag,NoFrag,NoFrag,"NoFrag, le premier site francophone traitant de l'actualit√© des simulateurs de meurtres. Enchaine les frags depuis 2001.

Contact : contact@nofrag.com",2007-07-04T21:41:03+00:00,4879,213,25361,460,173,2631,France,https://pbs.twimg.com/profile_images/1293163969876762624/mVY5Iz7n_normal.jpg,https://pbs.twimg.com/profile_banners/7257532/1602970253,,False,False,fr,"Haze est repouss√© √† la saint Glinglin: Comme tous les mois, Ubisoft annonce que Haze est repouss√©. Cette f.. http://tinyurl.com/2agyxm",0,0,0,0,0,635923822,635923822,"<a href=""http://twitter.com"" rel=""nofollow"">Twitter Web Client</a>",http://twitter.com,Twitter Web Client,"{'positive': 0.044735394, 'neutral': 0.47604406, 'negative': 0.47922054}",0.47922054,0.47604406,0.044735394
635817012,635817012,https://x.com/golem/status/635817012,2008-01-24T11:17:36+00:00,8724992,8724992,https://x.com/golem,golem,Golem.de,Aktuelle IT-News von https://t.co/EGhL59O4cI. Die Redaktion twittert unter @GolemRedaktion.,2007-09-07T14:27:36+00:00,85333,11,132424,57,1892,173,"Berlin, Germany",https://pbs.twimg.com/profile_images/1345097225/golem-twitter-q_normal.png,https://pbs.twimg.com/profile_banners/8724992/1693476252,,False,True,en,Ubisoft verdient gut dank Assassin's Creed http://www.golem.de/0801/57234.html,0,0,0,0,0,635817012,635817012,"<a href=""http://twitter.com"" rel=""nofollow"">Twitter Web Client</a>",http://twitter.com,Twitter Web Client,"{'positive': 0.06355045, 'neutral': 0.283882, 'negative': 0.6525675}",0.6525675,0.283882,0.06355045
635468682,635468682,https://x.com/xanapa/status/635468682,2008-01-24T08:45:55+00:00,9761092,9761092,https://x.com/xanapa,xanapa,xanapa,,2007-10-28T21:15:14+00:00,72,0,37889,0,21,0,Paris,https://pbs.twimg.com/profile_images/34645722/xanapa-twitter_normal.jpg,,,False,False,fr,Xanapa Ubisoft livre ses chiffres 2007: Nous l'avions annonc√© hier : Ubisoft avait pr√©vu de faire le.. http://tinyurl.com/yst43z,0,0,0,0,0,635468682,635468682,"<a href=""http://twitter.com"" rel=""nofollow"">Twitter Web Client</a>",http://twitter.com,Twitter Web Client,"{'positive': 0.034641635, 'neutral': 0.3585508, 'negative': 0.60680753}",0.60680753,0.3585508,0.034641635
635415382,635415382,https://x.com/BfmCrypto/status/635415382,2008-01-24T08:25:37+00:00,6786232,6786232,https://x.com/BfmCrypto,BfmCrypto,BFM Crypto,Toute l'actualit√© #blockchain #bitcoin #crypto du moment.,2007-06-13T08:55:51+00:00,69726,167,136310,400,706,6153,Paris,https://pbs.twimg.com/profile_images/1517422150034112512/JsuYlCcH_normal.jpg,https://pbs.twimg.com/profile_banners/6786232/1634218794,,False,False,fr,"Ubisoft Entertain : Flambe de 8%, Arkeon conseille de renforcer http://tinyurl.com/2arsrl",0,0,0,0,0,635415382,635415382,"<a href=""http://twitter.com"" rel=""nofollow"">Twitter Web Client</a>",http://twitter.com,Twitter Web Client,"{'positive': 0.030008515, 'neutral': 0.21067342, 'negative': 0.75931805}",0.75931805,0.21067342,0.030008515
635322852,635322852,https://x.com/haripakorss/status/635322852,2008-01-24T07:43:30+00:00,8331192,8331192,https://x.com/haripakorss,haripakorss,Feeds by Haripako,Google Reader Feeds by Francisco Vargas aka Haripako,2007-08-21T14:48:27+00:00,430,1,169558,0,11,48,Barcelona,https://pbs.twimg.com/profile_images/20397532/IMG_0437.JPG_normal.jpg,,,False,False,es,"Ubisoft retrasa el lanzamiento de Haze. Otra vez: 
La historia de Haze empieza a coger tintes de lo q.. http://tinyurl.com/2t9qa7",0,0,0,0,0,635322852,635322852,"<a href=""http://twitter.com"" rel=""nofollow"">Twitter Web Client</a>",http://twitter.com,Twitter Web Client,"{'positive': 0.017189384, 'neutral': 0.17228723, 'negative': 0.8105234}",0.8105234,0.17228723,0.017189384
634416602,634416602,https://x.com/xanapa/status/634416602,2008-01-24T00:46:51+00:00,9761092,9761092,https://x.com/xanapa,xanapa,xanapa,,2007-10-28T21:15:14+00:00,72,0,37889,0,21,0,Paris,https://pbs.twimg.com/profile_images/34645722/xanapa-twitter_normal.jpg,,,False,False,fr,"Xanapa XBOX 360 : [Communiqu√©] Ubisoft tient la forme : Paris, le 23 janvier 2008 ¬ñ Ubisoft, un des .. http://tinyurl.com/2nfy37",0,0,0,0,0,634416602,634416602,"<a href=""http://twitter.com"" rel=""nofollow"">Twitter Web Client</a>",http://twitter.com,Twitter Web Client,"{'positive': 0.02646552, 'neutral': 0.14992557, 'negative': 0.8236089}",0.8236089,0.14992557,0.02646552
634362292,634362292,https://x.com/botonturbo/status/634362292,2008-01-24T00:28:23+00:00,9874352,9874352,https://x.com/botonturbo,botonturbo,botonturbo,,2007-11-02T03:49:09+00:00,57,0,4764,0,4,0,,https://abs.twimg.com/sticky/default_profile_images/default_profile_normal.png,,,False,False,es,"Noticias de Ubisoft, Prince of Persia y Haze.: Ubisoft manda un comunicado de prensa con buenas notici.. http://tinyurl.com/3clmdc",0,0,0,0,0,634362292,634362292,"<a href=""http://twitter.com"" rel=""nofollow"">Twitter Web Client</a>",http://twitter.com,Twitter Web Client,"{'positive': 0.016405648, 'neutral': 0.47180226, 'negative': 0.51179206}",0.51179206,0.47180226,0.016405648
634243982,634243982,https://x.com/xanapa/status/634243982,2008-01-23T23:46:55+00:00,9761092,9761092,https://x.com/xanapa,xanapa,xanapa,,2007-10-28T21:15:14+00:00,72,0,37889,0,21,0,Paris,https://pbs.twimg.com/profile_images/34645722/xanapa-twitter_normal.jpg,,,False,False,fr,"Xanapa PS3 News : Lost : Via Domus se perd en image: Apr√®s la vid√©o d'hier, Ubisoft en remet une cou.. http://tinyurl.com/ysvo4r",0,0,0,0,0,634243982,634243982,"<a href=""http://twitter.com"" rel=""nofollow"">Twitter Web Client</a>",http://twitter.com,Twitter Web Client,"{'positive': 0.034795094, 'neutral': 0.22436605, 'negative': 0.7408388}",0.7408388,0.22436605,0.034795094
633821672,633821672,https://x.com/n4g_pc/status/633821672,2008-01-23T21:30:57+00:00,9598602,9598602,https://x.com/n4g_pc,n4g_pc,n4g_pc,RSS Feed from the pc section of http://t.co/bXK5wWOVud,2007-10-22T14:21:00+00:00,378,0,12980,0,21,0,,https://pbs.twimg.com/profile_images/33984972/3642_sml_normal.png,,,False,False,en,twe4ked.com Ubisoft's Early 2008 Release Schedule: Way down deep in the recent press release sh.. http://tinyurl.com/2gve4g,0,0,0,0,0,633821672,633821672,"<a href=""http://twitter.com"" rel=""nofollow"">Twitter Web Client</a>",http://twitter.com,Twitter Web Client,"{'positive': 0.10964874, 'neutral': 0.16678414, 'negative': 0.7235672}",0.7235672,0.16678414,0.10964874
633821382,633821382,https://x.com/N4G/status/633821382,2008-01-23T21:30:51+00:00,9598442,9598442,https://x.com/N4G,N4G,N4G,The only official twitter for N4G! The hottest and latest video game news from around the world.,2007-10-22T14:11:38+00:00,21744,2464,183496,93,877,115923,,https://pbs.twimg.com/profile_images/2202388179/n4g-medium-logo-on-grey_normal.png,https://pbs.twimg.com/profile_banners/9598442/1400099830,,False,False,en,twe4ked.com Ubisoft's Early 2008 Release Schedule: Way down deep in the recent press release showi.. http://tinyurl.com/2kg4lk,0,0,0,0,0,633821382,633821382,"<a href=""http://twitter.com"" rel=""nofollow"">Twitter Web Client</a>",http://twitter.com,Twitter Web Client,"{'positive': 0.09396615, 'neutral': 0.15624289, 'negative': 0.749791}",0.749791,0.15624289,0.09396615
633679062,633679062,https://x.com/GamingNews/status/633679062,2008-01-23T20:43:41+00:00,11928412,11928412,https://x.com/GamingNews,GamingNews,GamingNews,A daily source for gaming industry news,2008-01-07T04:02:41+00:00,655,41,486,0,19,0,Texas,https://pbs.twimg.com/profile_images/43187992/__B4F-00002_Xbox360_Wireless_Controller_normal.jpg,,,False,False,en,Ubisoft reports 2007 3rd quarter sales were up 44% ($657.8 million).  http://tinyurl.com/2o3xly,0,0,0,0,0,633679062,633679062,"<a href=""http://twitter.com"" rel=""nofollow"">Twitter Web Client</a>",http://twitter.com,Twitter Web Client,"{'positive': 0.049324393, 'neutral': 0.26175925, 'negative': 0.6889164}",0.6889164,0.26175925,0.049324393
633286072,633286072,https://x.com/Neo_Win/status/633286072,2008-01-23T18:37:30+00:00,6742672,6742672,https://x.com/Neo_Win,Neo_Win,Neo Win,,2007-06-11T14:38:37+00:00,271,0,26408,0,16,0,,https://pbs.twimg.com/profile_images/29383282/neowin_feedlogo_normal.png,,,False,False,en,Confirmed: Splinter Cell: Conviction not coming to PS3: Ubisoft has confirmed to VideoGamer.com that Spli.. http://tinyurl.com/yunnmg,0,0,0,0,0,633286072,633286072,"<a href=""http://twitter.com"" rel=""nofollow"">Twitter Web Client</a>",http://twitter.com,Twitter Web Client,"{'positive': 0.017531745, 'neutral': 0.38695085, 'negative': 0.5955174}",0.5955174,0.38695085,0.017531745
633265142,633265142,https://x.com/N4G/status/633265142,2008-01-23T18:31:11+00:00,9598442,9598442,https://x.com/N4G,N4G,N4G,The only official twitter for N4G! The hottest and latest video game news from around the world.,2007-10-22T14:11:38+00:00,21744,2464,183496,93,877,115923,,https://pbs.twimg.com/profile_images/2202388179/n4g-medium-logo-on-grey_normal.png,https://pbs.twimg.com/profile_banners/9598442/1400099830,,False,False,en,twe4ked.com Haze PS3 Delayed Again: Publisher Ubisoft has once again pushed back the release date .. http://tinyurl.com/2e45ga,0,0,0,0,0,633265142,633265142,"<a href=""http://twitter.com"" rel=""nofollow"">Twitter Web Client</a>",http://twitter.com,Twitter Web Client,"{'positive': 0.020151382, 'neutral': 0.2536845, 'negative': 0.7261641}",0.7261641,0.2536845,0.020151382
633254282,633254282,https://x.com/gamewire/status/633254282,2008-01-23T18:28:27+00:00,9532862,9532862,https://x.com/gamewire,gamewire,GameWire,"The latest video game news! For XBOX, PlayStation, Wii and PC gamers. A service of millerfilm: https://t.co/ecAuFBDEGD",2007-10-19T00:53:44+00:00,2147,78,6672,8,138,0,,https://pbs.twimg.com/profile_images/33684972/xboxlogo_normal.jpg,,,False,False,en,"Ubisoft touts strong Q3 sales, further delays Haze: French publisher's quarterly revenue leaps up 44 per.. http://tinyurl.com/yqo82m",0,0,0,0,0,633254282,633254282,"<a href=""http://twitter.com"" rel=""nofollow"">Twitter Web Client</a>",http://twitter.com,Twitter Web Client,"{'positive': 0.12025273, 'neutral': 0.36842784, 'negative': 0.51131946}",0.51131946,0.36842784,0.12025273
632933542,632933542,https://x.com/BfmCrypto/status/632933542,2008-01-23T16:55:59+00:00,6786232,6786232,https://x.com/BfmCrypto,BfmCrypto,BFM Crypto,Toute l'actualit√© #blockchain #bitcoin #crypto du moment.,2007-06-13T08:55:51+00:00,69726,167,136310,400,706,6153,Paris,https://pbs.twimg.com/profile_images/1517422150034112512/JsuYlCcH_normal.jpg,https://pbs.twimg.com/profile_banners/6786232/1634218794,,False,False,fr,Ubisoft Entertain : Explose ses objectifs du T3 et rel√®ve ses pr√©visions annuelles http://tinyurl.com/2ukkwb,0,0,0,0,0,632933542,632933542,"<a href=""http://twitter.com"" rel=""nofollow"">Twitter Web Client</a>",http://twitter.com,Twitter Web Client,"{'positive': 0.03839684, 'neutral': 0.30524448, 'negative': 0.6563587}",0.6563587,0.30524448,0.03839684
632620942,632620942,https://x.com/n4g_pc/status/632620942,2008-01-23T15:31:43+00:00,9598602,9598602,https://x.com/n4g_pc,n4g_pc,n4g_pc,RSS Feed from the pc section of http://t.co/bXK5wWOVud,2007-10-22T14:21:00+00:00,378,0,12980,0,21,0,,https://pbs.twimg.com/profile_images/33984972/3642_sml_normal.png,,,False,False,en,twe4ked.com Confirmed: Far Cry 2 will not be PS3 exclusive: Ubisoft has confirmed to VideoGamer.. http://tinyurl.com/2wjmv9,0,0,0,0,0,632620942,632620942,"<a href=""http://twitter.com"" rel=""nofollow"">Twitter Web Client</a>",http://twitter.com,Twitter Web Client,"{'positive': 0.032222427, 'neutral': 0.28983954, 'negative': 0.67793804}",0.67793804,0.28983954,0.032222427
632620652,632620652,https://x.com/N4G/status/632620652,2008-01-23T15:31:38+00:00,9598442,9598442,https://x.com/N4G,N4G,N4G,The only official twitter for N4G! The hottest and latest video game news from around the world.,2007-10-22T14:11:38+00:00,21744,2464,183496,93,877,115923,,https://pbs.twimg.com/profile_images/2202388179/n4g-medium-logo-on-grey_normal.png,https://pbs.twimg.com/profile_banners/9598442/1400099830,,False,False,en,twe4ked.com Confirmed: Far Cry 2 will not be PS3 exclusive: Ubisoft has confirmed to VideoGamer.co.. http://tinyurl.com/29k22g,0,0,0,0,0,632620652,632620652,"<a href=""http://twitter.com"" rel=""nofollow"">Twitter Web Client</a>",http://twitter.com,Twitter Web Client,"{'positive': 0.028262017, 'neutral': 0.28921783, 'negative': 0.68252015}",0.68252015,0.28921783,0.028262017
632513662,632513662,https://x.com/n4g_pc/status/632513662,2008-01-23T15:02:37+00:00,9598602,9598602,https://x.com/n4g_pc,n4g_pc,n4g_pc,RSS Feed from the pc section of http://t.co/bXK5wWOVud,2007-10-22T14:21:00+00:00,378,0,12980,0,21,0,,https://pbs.twimg.com/profile_images/33984972/3642_sml_normal.png,,,False,False,en,twe4ked.com Confirmed: Splinter Cell: Conviction not coming to PS3: Ubisoft has confirmed to Vi.. http://tinyurl.com/32zpgj,0,0,0,0,0,632513662,632513662,"<a href=""http://twitter.com"" rel=""nofollow"">Twitter Web Client</a>",http://twitter.com,Twitter Web Client,"{'positive': 0.018320417, 'neutral': 0.37055063, 'negative': 0.6111289}",0.6111289,0.37055063,0.018320417
632513192,632513192,https://x.com/N4G/status/632513192,2008-01-23T15:02:31+00:00,9598442,9598442,https://x.com/N4G,N4G,N4G,The only official twitter for N4G! The hottest and latest video game news from around the world.,2007-10-22T14:11:38+00:00,21744,2464,183496,93,877,115923,,https://pbs.twimg.com/profile_images/2202388179/n4g-medium-logo-on-grey_normal.png,https://pbs.twimg.com/profile_banners/9598442/1400099830,,False,False,en,twe4ked.com Confirmed: Splinter Cell: Conviction not coming to PS3: Ubisoft has confirmed to Video.. http://tinyurl.com/2u8n7d,0,0,0,0,0,632513192,632513192,"<a href=""http://twitter.com"" rel=""nofollow"">Twitter Web Client</a>",http://twitter.com,Twitter Web Client,"{'positive': 0.01801813, 'neutral': 0.35421506, 'negative': 0.62776685}",0.62776685,0.35421506,0.01801813
632292792,632292792,https://x.com/n4g_pc/status/632292792,2008-01-23T14:02:08+00:00,9598602,9598602,https://x.com/n4g_pc,n4g_pc,n4g_pc,RSS Feed from the pc section of http://t.co/bXK5wWOVud,2007-10-22T14:21:00+00:00,378,0,12980,0,21,0,,https://pbs.twimg.com/profile_images/33984972/3642_sml_normal.png,,,False,False,en,"twe4ked.com Ubisoft's Far Cry 2 may now be PS3 exclusive: Far Cry 2 is looking fantastic, and w.. http://tinyurl.com/38y6zf",0,0,0,0,0,632292792,632292792,"<a href=""http://twitter.com"" rel=""nofollow"">Twitter Web Client</a>",http://twitter.com,Twitter Web Client,"{'positive': 0.016213674, 'neutral': 0.17925905, 'negative': 0.8045273}",0.8045273,0.17925905,0.016213674
632291782,632291782,https://x.com/N4G/status/632291782,2008-01-23T14:01:53+00:00,9598442,9598442,https://x.com/N4G,N4G,N4G,The only official twitter for N4G! The hottest and latest video game news from around the world.,2007-10-22T14:11:38+00:00,21744,2464,183496,93,877,115923,,https://pbs.twimg.com/profile_images/2202388179/n4g-medium-logo-on-grey_normal.png,https://pbs.twimg.com/profile_banners/9598442/1400099830,,False,False,en,"twe4ked.com Ubisoft's Far Cry 2 may now be PS3 exclusive: Far Cry 2 is looking fantastic, and was ..",0,0,0,0,0,632291782,632291782,"<a href=""http://twitter.com"" rel=""nofollow"">Twitter Web Client</a>",http://twitter.com,Twitter Web Client,"{'positive': 0.013575207, 'neutral': 0.16321212, 'negative': 0.8232127}",0.8232127,0.16321212,0.013575207
629764732,629764732,https://x.com/xanapa/status/629764732,2008-01-22T22:47:16+00:00,9761092,9761092,https://x.com/xanapa,xanapa,xanapa,,2007-10-28T21:15:14+00:00,72,0,37889,0,21,0,Paris,https://pbs.twimg.com/profile_images/34645722/xanapa-twitter_normal.jpg,,,False,False,fr,Xanapa Far Cry 2 : une vid√©o et des images: Ubisoft nous d√©voile une nouvelle vid√©o ainsi que des im.. http://tinyurl.com/3d4cor,0,0,0,0,0,629764732,629764732,"<a href=""http://twitter.com"" rel=""nofollow"">Twitter Web Client</a>",http://twitter.com,Twitter Web Client,"{'positive': 0.024644738, 'neutral': 0.37788016, 'negative': 0.5974751}",0.5974751,0.37788016,0.024644738
628663272,628663272,https://x.com/N4G/status/628663272,2008-01-22T17:02:32+00:00,9598442,9598442,https://x.com/N4G,N4G,N4G,The only official twitter for N4G! The hottest and latest video game news from around the world.,2007-10-22T14:11:38+00:00,21744,2464,183496,93,877,115923,,https://pbs.twimg.com/profile_images/2202388179/n4g-medium-logo-on-grey_normal.png,https://pbs.twimg.com/profile_banners/9598442/1400099830,,False,False,en,twe4ked.com Online petition of Assassin's Creed for the PSP: &quot;With the success that Ubisoft's.. http://tinyurl.com/28ebzu,0,0,0,0,0,628663272,628663272,"<a href=""http://twitter.com"" rel=""nofollow"">Twitter Web Client</a>",http://twitter.com,Twitter Web Client,"{'positive': 0.0449342, 'neutral': 0.43349877, 'negative': 0.52156705}",0.52156705,0.43349877,0.0449342
628077122,628077122,https://x.com/NoFrag/status/628077122,2008-01-22T14:27:08+00:00,7257532,7257532,https://x.com/NoFrag,NoFrag,NoFrag,"NoFrag, le premier site francophone traitant de l'actualit√© des simulateurs de meurtres. Enchaine les frags depuis 2001.

Contact : contact@nofrag.com",2007-07-04T21:41:03+00:00,4879,213,25361,460,173,2631,France,https://pbs.twimg.com/profile_images/1293163969876762624/mVY5Iz7n_normal.jpg,https://pbs.twimg.com/profile_banners/7257532/1602970253,,False,False,fr,Far Cry 2 : le retour des previews: Ubisoft a fait le tour du monde pour pr√©senter Far Cry 2 √† un maximum .. http://tinyurl.com/2zerpt,0,0,0,0,0,628077122,628077122,"<a href=""http://twitter.com"" rel=""nofollow"">Twitter Web Client</a>",http://twitter.com,Twitter Web Client,"{'positive': 0.023323398, 'neutral': 0.44856423, 'negative': 0.52811235}",0.52811235,0.44856423,0.023323398
627908412,627908412,https://x.com/Neo_Win/status/627908412,2008-01-22T13:36:13+00:00,6742672,6742672,https://x.com/Neo_Win,Neo_Win,Neo Win,,2007-06-11T14:38:37+00:00,271,0,26408,0,16,0,,https://pbs.twimg.com/profile_images/29383282/neowin_feedlogo_normal.png,,,False,False,en,Official: Assassin's Creed PC System Requirements: Ubisoft has finally announced the Minimum System Requi.. http://tinyurl.com/296eh3,0,0,0,0,0,627908412,627908412,"<a href=""http://twitter.com"" rel=""nofollow"">Twitter Web Client</a>",http://twitter.com,Twitter Web Client,"{'positive': 0.025394656, 'neutral': 0.26129958, 'negative': 0.7133058}",0.7133058,0.26129958,0.025394656
627730202,627730202,https://x.com/RemiSello/status/627730202,2008-01-22T12:41:59+00:00,9362632,9362632,https://x.com/RemiSello,RemiSello,R√©mi Sello,Producteur & r√©alisateur chez @Noside,2007-10-10T23:21:15+00:00,3797,235,3479,699,24,519,Paris,https://pbs.twimg.com/profile_images/1719868873388752896/i83rtscd_normal.jpg,https://pbs.twimg.com/profile_banners/9362632/1378456564,,False,False,fr,"Fini √† TH2 : comme d'habitude, il y a eu plein de merdes mais j'ai quand m√™me r√©ussi ! RDV avec Ubisoft √† 14h30.",0,0,0,0,0,627730202,627730202,"<a href=""http://twitter.com"" rel=""nofollow"">Twitter Web Client</a>",http://twitter.com,Twitter Web Client,"{'positive': 0.06002747, 'neutral': 0.084572226, 'negative': 0.8554003}",0.8554003,0.084572226,0.06002747
627433252,627433252,https://x.com/xanapa/status/627433252,2008-01-22T10:48:17+00:00,9761092,9761092,https://x.com/xanapa,xanapa,xanapa,,2007-10-28T21:15:14+00:00,72,0,37889,0,21,0,Paris,https://pbs.twimg.com/profile_images/34645722/xanapa-twitter_normal.jpg,,,False,False,fr,"Xanapa PS3 News : Far Cry 2 se d?couvre: D?velopp? par Ubisoft, Far Cry 2 nous revient ce matin avec.. http://tinyurl.com/3dwkye",0,0,0,0,0,627433252,627433252,"<a href=""http://twitter.com"" rel=""nofollow"">Twitter Web Client</a>",http://twitter.com,Twitter Web Client,"{'positive': 0.02204576, 'neutral': 0.2181782, 'negative': 0.759776}",0.759776,0.2181782,0.02204576
621507332,621507332,https://x.com/N4G/status/621507332,2008-01-20T22:30:23+00:00,9598442,9598442,https://x.com/N4G,N4G,N4G,The only official twitter for N4G! The hottest and latest video game news from around the world.,2007-10-22T14:11:38+00:00,21744,2464,183496,93,877,115923,,https://pbs.twimg.com/profile_images/2202388179/n4g-medium-logo-on-grey_normal.png,https://pbs.twimg.com/profile_banners/9598442/1400099830,,False,False,en,twe4ked.com Europe - Ubisoft Q1 release dates: Game Front has a list of Q1 release dates for Ubiso.. http://tinyurl.com/2erawu,0,0,0,0,0,621507332,621507332,"<a href=""http://twitter.com"" rel=""nofollow"">Twitter Web Client</a>",http://twitter.com,Twitter Web Client,"{'positive': 0.019159725, 'neutral': 0.09746123, 'negative': 0.88337904}",0.88337904,0.09746123,0.019159725
620972152,620972152,https://x.com/xanapa/status/620972152,2008-01-20T18:46:57+00:00,9761092,9761092,https://x.com/xanapa,xanapa,xanapa,,2007-10-28T21:15:14+00:00,72,0,37889,0,21,0,Paris,https://pbs.twimg.com/profile_images/34645722/xanapa-twitter_normal.jpg,,,False,False,fr,"Xanapa Endwar : la guerre a commenc?e: Infiniment timide, le nouveau concept des studios d?Ubisoft s.. http://tinyurl.com/2kqwv4",0,0,0,0,0,620972152,620972152,"<a href=""http://twitter.com"" rel=""nofollow"">Twitter Web Client</a>",http://twitter.com,Twitter Web Client,"{'positive': 0.07293959, 'neutral': 0.1847855, 'negative': 0.74227494}",0.74227494,0.1847855,0.07293959
620038262,620038262,https://x.com/xanapa/status/620038262,2008-01-20T11:45:55+00:00,9761092,9761092,https://x.com/xanapa,xanapa,xanapa,,2007-10-28T21:15:14+00:00,72,0,37889,0,21,0,Paris,https://pbs.twimg.com/profile_images/34645722/xanapa-twitter_normal.jpg,,,False,False,fr,Xanapa PS3 News : Sa chauffe pour Brothers in Arms : Hell's Highway: Ubisoft nous d√©voile 5 nouveaux.. http://tinyurl.com/yoh3zk,0,0,0,0,0,620038262,620038262,"<a href=""http://twitter.com"" rel=""nofollow"">Twitter Web Client</a>",http://twitter.com,Twitter Web Client,"{'positive': 0.030149886, 'neutral': 0.3432623, 'negative': 0.62658775}",0.62658775,0.3432623,0.030149886
620038222,620038222,https://x.com/xanapa/status/620038222,2008-01-20T11:45:53+00:00,9761092,9761092,https://x.com/xanapa,xanapa,xanapa,,2007-10-28T21:15:14+00:00,72,0,37889,0,21,0,Paris,https://pbs.twimg.com/profile_images/34645722/xanapa-twitter_normal.jpg,,,False,False,fr,Xanapa Les Ubidays 2008 ont une date: Ubisoft ne fait jamais les choses √† moiti√© quand il s'agit de .. http://tinyurl.com/2h592g,0,0,0,0,0,620038222,620038222,"<a href=""http://twitter.com"" rel=""nofollow"">Twitter Web Client</a>",http://twitter.com,Twitter Web Client,"{'positive': 0.11733367, 'neutral': 0.22753651, 'negative': 0.6551298}",0.6551298,0.22753651,0.11733367
618362692,618362692,https://x.com/xanapa/status/618362692,2008-01-19T21:46:32+00:00,9761092,9761092,https://x.com/xanapa,xanapa,xanapa,,2007-10-28T21:15:14+00:00,72,0,37889,0,21,0,Paris,https://pbs.twimg.com/profile_images/34645722/xanapa-twitter_normal.jpg,,,False,False,fr,"Xanapa Brothers In Arms 3 en cinq images: Etonnamment timide, le FPS historique d?Ubisoft sort de l?.. http://tinyurl.com/25nwsp",0,0,0,0,0,618362692,618362692,"<a href=""http://twitter.com"" rel=""nofollow"">Twitter Web Client</a>",http://twitter.com,Twitter Web Client,"{'positive': 0.05017165, 'neutral': 0.19634432, 'negative': 0.753484}",0.753484,0.19634432,0.05017165
618098002,618098002,https://x.com/xanapa/status/618098002,2008-01-19T19:47:00+00:00,9761092,9761092,https://x.com/xanapa,xanapa,xanapa,,2007-10-28T21:15:14+00:00,72,0,37889,0,21,0,Paris,https://pbs.twimg.com/profile_images/34645722/xanapa-twitter_normal.jpg,,,False,False,fr,Xanapa Planning d'Ubisoft : sortez vos agendas: Alors que nous attendons toujours les premi√®res imag.. http://tinyurl.com/384jvz,0,0,0,0,0,618098002,618098002,"<a href=""http://twitter.com"" rel=""nofollow"">Twitter Web Client</a>",http://twitter.com,Twitter Web Client,"{'positive': 0.038732518, 'neutral': 0.46862313, 'negative': 0.49264434}",0.49264434,0.46862313,0.038732518
617717852,617717852,https://x.com/VinZ/status/617717852,2008-01-19T17:10:54+00:00,1180861,1180861,https://x.com/VinZ,VinZ,Vincent Huwer,Dircom - On Twitter/X since 2007 - European believer living everyday in #FRA #GER #LUX,2007-03-14T20:52:23+00:00,52896,784,21048,792,523,152,Germany üá©üá™ - Luxembourg üá±üá∫ - France üá´üá∑,https://pbs.twimg.com/profile_images/667364986457559040/3jBU1R36_normal.jpg,,,False,False,fr,"une aprem sur wii √† Rayman raving rabbids 2 √† 4, c'est √©norme ! (wiiwii, je me suis achet√© un wii, ubisoft job oblige)",0,0,0,0,0,617717852,617717852,"<a href=""http://twitter.com"" rel=""nofollow"">Twitter Web Client</a>",http://twitter.com,Twitter Web Client,"{'positive': 0.035688482, 'neutral': 0.07978441, 'negative': 0.8845271}",0.8845271,0.07978441,0.035688482
617040502,617040502,https://x.com/xanapa/status/617040502,2008-01-19T12:46:55+00:00,9761092,9761092,https://x.com/xanapa,xanapa,xanapa,,2007-10-28T21:15:14+00:00,72,0,37889,0,21,0,Paris,https://pbs.twimg.com/profile_images/34645722/xanapa-twitter_normal.jpg,,,False,False,fr,Xanapa Raibow Six Vegas 2 : en route pour Las Vegas: Ubisoft vient de d?voiler la premi?re partie du.. http://tinyurl.com/2qqzlm,0,0,0,0,0,617040502,617040502,"<a href=""http://twitter.com"" rel=""nofollow"">Twitter Web Client</a>",http://twitter.com,Twitter Web Client,"{'positive': 0.020348588, 'neutral': 0.3733548, 'negative': 0.60629666}",0.60629666,0.3733548,0.020348588
615483002,615483002,https://x.com/N4G/status/615483002,2008-01-19T00:02:37+00:00,9598442,9598442,https://x.com/N4G,N4G,N4G,The only official twitter for N4G! The hottest and latest video game news from around the world.,2007-10-22T14:11:38+00:00,21744,2464,183496,93,877,115923,,https://pbs.twimg.com/profile_images/2202388179/n4g-medium-logo-on-grey_normal.png,https://pbs.twimg.com/profile_banners/9598442/1400099830,,False,False,en,twe4ked.com Rainbow Six devs must play alot of Call of Duty 4: Ubisoft has just released a video e.. http://tinyurl.com/2g59xj,0,0,0,0,0,615483002,615483002,"<a href=""http://twitter.com"" rel=""nofollow"">Twitter Web Client</a>",http://twitter.com,Twitter Web Client,"{'positive': 0.07096507, 'neutral': 0.30233902, 'negative': 0.62669593}",0.62669593,0.30233902,0.07096507
615285022,615285022,https://x.com/xanapa/status/615285022,2008-01-18T22:47:12+00:00,9761092,9761092,https://x.com/xanapa,xanapa,xanapa,,2007-10-28T21:15:14+00:00,72,0,37889,0,21,0,Paris,https://pbs.twimg.com/profile_images/34645722/xanapa-twitter_normal.jpg,,,False,False,fr,Xanapa Nitrobike roule en images: Ubisoft nous d√©voile de nouvelles images de Nitrobike (Wii). http://tinyurl.com/252h5k,0,0,0,0,0,615285022,615285022,"<a href=""http://twitter.com"" rel=""nofollow"">Twitter Web Client</a>",http://twitter.com,Twitter Web Client,"{'positive': 0.02908501, 'neutral': 0.44425845, 'negative': 0.5266565}",0.5266565,0.44425845,0.02908501
613223002,613223002,https://x.com/haripakorss/status/613223002,2008-01-18T11:44:25+00:00,8331192,8331192,https://x.com/haripakorss,haripakorss,Feeds by Haripako,Google Reader Feeds by Francisco Vargas aka Haripako,2007-08-21T14:48:27+00:00,430,1,169558,0,11,48,Barcelona,https://pbs.twimg.com/profile_images/20397532/IMG_0437.JPG_normal.jpg,,,False,False,es,"Ubidays 08: Ubisoft ya ultima los detalles de los Ubidays 2008: 

	Parece que este 2008 no va a ser p.. http://tinyurl.com/2ucao5",0,0,0,0,0,613223002,613223002,"<a href=""http://twitter.com"" rel=""nofollow"">Twitter Web Client</a>",http://twitter.com,Twitter Web Client,"{'positive': 0.07745377, 'neutral': 0.16575404, 'negative': 0.7567922}",0.7567922,0.16575404,0.07745377
611702112,611702112,https://x.com/xanapa/status/611702112,2008-01-18T01:46:54+00:00,9761092,9761092,https://x.com/xanapa,xanapa,xanapa,,2007-10-28T21:15:14+00:00,72,0,37889,0,21,0,Paris,https://pbs.twimg.com/profile_images/34645722/xanapa-twitter_normal.jpg,,,False,False,fr,Xanapa Vid√©o Les Experts: Ubisoft nous d√©voile une nouvelle vid√©o du jeu Les Experts : Morts Program.. http://tinyurl.com/36dp3y,0,0,0,0,0,611702112,611702112,"<a href=""http://twitter.com"" rel=""nofollow"">Twitter Web Client</a>",http://twitter.com,Twitter Web Client,"{'positive': 0.032192703, 'neutral': 0.36619455, 'negative': 0.60161275}",0.60161275,0.36619455,0.032192703
610392172,610392172,https://x.com/peterocc/status/610392172,2008-01-17T18:19:45+00:00,9313362,9313362,https://x.com/peterocc,peterocc,Peter Toledo,Suit with a Serial Cable | @GamertagRadio Host | #Twitch & #Discord Partnered | #Latinx | üá∫üá∏ üá®üá∫ üá∞üá∑ | biz: peter@gamertagradio.com,2007-10-08T18:10:28+00:00,3698,2090,44771,17697,125,4694,Switzerland,https://pbs.twimg.com/profile_images/1563455447775858689/WXiKFR-A_normal.jpg,https://pbs.twimg.com/profile_banners/9313362/1658435985,,False,False,en,"Ubisoft¬Æ plans second edition of product showcase, May 28 & 29 in Paris
 http://tinyurl.com/2a5ctp",0,0,0,0,0,610392172,610392172,"<a href=""http://twitter.com"" rel=""nofollow"">Twitter Web Client</a>",http://twitter.com,Twitter Web Client,"{'positive': 0.017504523, 'neutral': 0.1807037, 'negative': 0.8017918}",0.8017918,0.1807037,0.017504523
609634992,609634992,https://x.com/xanapa/status/609634992,2008-01-17T14:47:01+00:00,9761092,9761092,https://x.com/xanapa,xanapa,xanapa,,2007-10-28T21:15:14+00:00,72,0,37889,0,21,0,Paris,https://pbs.twimg.com/profile_images/34645722/xanapa-twitter_normal.jpg,,,False,False,fr,Xanapa PS3 News : Du gameplay pour Rainbow Six : Vegas 2: Ubisoft en d?voile un peu plus au sujet du.. http://tinyurl.com/24ylvo,0,0,0,0,0,609634992,609634992,"<a href=""http://twitter.com"" rel=""nofollow"">Twitter Web Client</a>",http://twitter.com,Twitter Web Client,"{'positive': 0.020358605, 'neutral': 0.14669594, 'negative': 0.83294547}",0.83294547,0.14669594,0.020358605
609270662,609270662,https://x.com/NoFrag/status/609270662,2008-01-17T12:56:45+00:00,7257532,7257532,https://x.com/NoFrag,NoFrag,NoFrag,"NoFrag, le premier site francophone traitant de l'actualit√© des simulateurs de meurtres. Enchaine les frags depuis 2001.

Contact : contact@nofrag.com",2007-07-04T21:41:03+00:00,4879,213,25361,460,173,2631,France,https://pbs.twimg.com/profile_images/1293163969876762624/mVY5Iz7n_normal.jpg,https://pbs.twimg.com/profile_banners/7257532/1602970253,,False,False,fr,R6: Vegas 2 r√©cup√®re le syst√®me d'XP de CoD4: Ubisoft diffuse le premier dev diary vid√©o de Rainbow Six Ve.. http://tinyurl.com/3db4qq,0,0,0,0,0,609270662,609270662,"<a href=""http://twitter.com"" rel=""nofollow"">Twitter Web Client</a>",http://twitter.com,Twitter Web Client,"{'positive': 0.029296068, 'neutral': 0.47968575, 'negative': 0.4910182}",0.4910182,0.47968575,0.029296068
608940282,608940282,https://x.com/xanapa/status/608940282,2008-01-17T10:46:16+00:00,9761092,9761092,https://x.com/xanapa,xanapa,xanapa,,2007-10-28T21:15:14+00:00,72,0,37889,0,21,0,Paris,https://pbs.twimg.com/profile_images/34645722/xanapa-twitter_normal.jpg,,,False,False,fr,Xanapa Troisi?me trailer pour RS : Vegas 2: Ubisoft acc?l?re la campagne promotionnelle de son Tom C.. http://tinyurl.com/2ftbj7,0,0,0,0,0,608940282,608940282,"<a href=""http://twitter.com"" rel=""nofollow"">Twitter Web Client</a>",http://twitter.com,Twitter Web Client,"{'positive': 0.04638655, 'neutral': 0.21543543, 'negative': 0.738178}",0.738178,0.21543543,0.04638655
606894502,606894502,https://x.com/DevinKofsky/status/606894502,2008-01-16T21:42:35+00:00,3242491,3242491,https://x.com/DevinKofsky,DevinKofsky,Devin Kurant,Digital Marketing,2007-04-02T19:36:31+00:00,1815,400,53843,3659,98,1469,kofsky.eth,https://pbs.twimg.com/profile_images/1560763719373692929/8MvfqJhH_normal.jpg,https://pbs.twimg.com/profile_banners/3242491/1667483564,,False,False,en,"If anyone has an American contact at Ubisoft, [besides JP], and don't mind sharing it, it would be much appreciated",0,0,0,0,0,606894502,606894502,"<a href=""http://twitter.com"" rel=""nofollow"">Twitter Web Client</a>",http://twitter.com,Twitter Web Client,"{'positive': 0.120003626, 'neutral': 0.4088933, 'negative': 0.4711031}",0.4711031,0.4088933,0.120003626
606882202,606882202,https://x.com/mtvgames/status/606882202,2008-01-16T21:38:31+00:00,9095652,9095652,https://x.com/mtvgames,mtvgames,MTV Games,,2007-09-25T21:22:31+00:00,22087,2401,8732,130,554,311,"New York, NY",https://pbs.twimg.com/profile_images/545617371616903168/CBH0lgvl_normal.jpeg,https://pbs.twimg.com/profile_banners/9095652/1418920280,,False,False,en,Cip: Just got back from an Ubisoft demo - fairly impressed by a certain voice controlled Tom Clancy RTS game.,0,0,0,0,0,606882202,606882202,"<a href=""http://twitter.com"" rel=""nofollow"">Twitter Web Client</a>",http://twitter.com,Twitter Web Client,"{'positive': 0.03146746, 'neutral': 0.18616937, 'negative': 0.78236324}",0.78236324,0.18616937,0.03146746
606735502,606735502,https://x.com/haripakorss/status/606735502,2008-01-16T20:46:16+00:00,8331192,8331192,https://x.com/haripakorss,haripakorss,Feeds by Haripako,Google Reader Feeds by Francisco Vargas aka Haripako,2007-08-21T14:48:27+00:00,430,1,169558,0,11,48,Barcelona,https://pbs.twimg.com/profile_images/20397532/IMG_0437.JPG_normal.jpg,,,False,False,es,"Ubisoft distribuir√° tres RPG en Europa entre los meses de febrero y marzo: 

	Ubisoft acaba de llegar.. http://tinyurl.com/2t2a7y",0,0,0,0,0,606735502,606735502,"<a href=""http://twitter.com"" rel=""nofollow"">Twitter Web Client</a>",http://twitter.com,Twitter Web Client,"{'positive': 0.022621876, 'neutral': 0.27331892, 'negative': 0.70405924}",0.70405924,0.27331892,0.022621876
606566072,606566072,https://x.com/SrOblivion/status/606566072,2008-01-16T19:47:01+00:00,11989022,11989022,https://x.com/SrOblivion,SrOblivion,MrJ,"Time marches on, never ending",2008-01-08T16:00:38+00:00,555,4607,7951,4225,9,96,Sanghelios,https://pbs.twimg.com/profile_images/748962183283875840/nD2ajRVt_normal.jpg,https://pbs.twimg.com/profile_banners/11989022/1347999352,,False,False,es,"Ubisoft distribuir√° tres RPG en Europa entre los meses de febrero y marzo: 

	Ubisoft acaba de llegar a u.. http://tinyurl.com/2t2a7y",0,0,0,0,0,606566072,606566072,"<a href=""http://twitter.com"" rel=""nofollow"">Twitter Web Client</a>",http://twitter.com,Twitter Web Client,"{'positive': 0.022581175, 'neutral': 0.2536294, 'negative': 0.7237895}",0.7237895,0.2536294,0.022581175
604501552,604501552,https://x.com/xanapa/status/604501552,2008-01-16T07:45:46+00:00,9761092,9761092,https://x.com/xanapa,xanapa,xanapa,,2007-10-28T21:15:14+00:00,72,0,37889,0,21,0,Paris,https://pbs.twimg.com/profile_images/34645722/xanapa-twitter_normal.jpg,,,False,False,fr,Xanapa Ubisoft va distribuer Odin Sphere sur PS2: Ubisoft et Square Enix viennent de signer un accor.. http://tinyurl.com/yvhuc8,0,0,0,0,0,604501552,604501552,"<a href=""http://twitter.com"" rel=""nofollow"">Twitter Web Client</a>",http://twitter.com,Twitter Web Client,"{'positive': 0.019446163, 'neutral': 0.44525746, 'negative': 0.5352964}",0.5352964,0.44525746,0.019446163
602770592,602770592,https://x.com/bilbeny/status/602770592,2008-01-15T20:12:29+00:00,6023362,6023362,https://x.com/bilbeny,bilbeny,bilbeny.live üö©üö©üö©,Investing with @AlteredVentures since 2016. 25y in Gaming. @EA veteran. Angel Investor & Portfolio Manager. Giving back with @Investor_Camp. üéôÔ∏è: @MundoFuturo_,2007-05-14T04:57:12+00:00,37043,69,74330,47068,640,14755,‚úàÔ∏è üìöüéÆüìà ,https://pbs.twimg.com/profile_images/1761387187139207168/YNaCPB_I_normal.jpg,https://pbs.twimg.com/profile_banners/6023362/1641222571,,False,True,es,"casual lunch con Ubisoft saliendo de la torre del gamer, digo del angel.",0,0,0,0,0,602770592,602770592,"<a href=""http://www.cloudhopper.com/"" rel=""nofollow"">Twitter SMS</a>",http://www.cloudhopper.com/,Twitter SMS,"{'positive': 0.08482658, 'neutral': 0.2933844, 'negative': 0.62178904}",0.62178904,0.2933844,0.08482658
602709252,602709252,https://x.com/xanapa/status/602709252,2008-01-15T19:54:17+00:00,9761092,9761092,https://x.com/xanapa,xanapa,xanapa,,2007-10-28T21:15:14+00:00,72,0,37889,0,21,0,Paris,https://pbs.twimg.com/profile_images/34645722/xanapa-twitter_normal.jpg,,,False,False,fr,Xanapa Ubisoft rafle la mise RPG - Odin Sphere et Final Fantasy chez Ubi: C'est officiel depuis quel.. http://tinyurl.com/3b59pe,0,0,0,0,0,602709252,602709252,"<a href=""http://twitter.com"" rel=""nofollow"">Twitter Web Client</a>",http://twitter.com,Twitter Web Client,"{'positive': 0.048298065, 'neutral': 0.18003285, 'negative': 0.7716691}",0.7716691,0.18003285,0.048298065
601627382,601627382,https://x.com/xanapa/status/601627382,2008-01-15T13:47:41+00:00,9761092,9761092,https://x.com/xanapa,xanapa,xanapa,,2007-10-28T21:15:14+00:00,72,0,37889,0,21,0,Paris,https://pbs.twimg.com/profile_images/34645722/xanapa-twitter_normal.jpg,,,False,False,fr,Xanapa Assassin's Creed DS : 1√®res images: Ubisoft d√©voile les toutes premi√®res images de la version.. http://tinyurl.com/2kj6lv,0,0,0,0,0,601627382,601627382,"<a href=""http://twitter.com"" rel=""nofollow"">Twitter Web Client</a>",http://twitter.com,Twitter Web Client,"{'positive': 0.045796297, 'neutral': 0.31749186, 'negative': 0.6367118}",0.6367118,0.31749186,0.045796297
601287712,601287712,https://x.com/BfmCrypto/status/601287712,2008-01-15T11:56:14+00:00,6786232,6786232,https://x.com/BfmCrypto,BfmCrypto,BFM Crypto,Toute l'actualit√© #blockchain #bitcoin #crypto du moment.,2007-06-13T08:55:51+00:00,69726,167,136310,400,706,6153,Paris,https://pbs.twimg.com/profile_images/1517422150034112512/JsuYlCcH_normal.jpg,https://pbs.twimg.com/profile_banners/6786232/1634218794,,False,False,fr,"Ubisoft Entertain : Bondit de 5%, optimisme avant les ventes trimestrielles http://tinyurl.com/2a5ok6",0,0,0,0,0,601287712,601287712,"<a href=""http://twitter.com"" rel=""nofollow"">Twitter Web Client</a>",http://twitter.com,Twitter Web Client,"{'positive': 0.049946852, 'neutral': 0.30322695, 'negative': 0.6468262}",0.6468262,0.30322695,0.049946852
593931402,593931402,https://x.com/NoFrag/status/593931402,2008-01-13T11:57:28+00:00,7257532,7257532,https://x.com/NoFrag,NoFrag,NoFrag,"NoFrag, le premier site francophone traitant de l'actualit√© des simulateurs de meurtres. Enchaine les frags depuis 2001.

Contact : contact@nofrag.com",2007-07-04T21:41:03+00:00,4879,213,25361,460,173,2631,France,https://pbs.twimg.com/profile_images/1293163969876762624/mVY5Iz7n_normal.jpg,https://pbs.twimg.com/profile_banners/7257532/1602970253,,False,False,fr,Ubisoft : les jeux √† venir: Jeuxpo s'est procur√© le planning Ubisoft jusqu'√† la fin du trimestre.7 f√©vrier.. http://tinyurl.com/2llgta,0,0,0,0,0,593931402,593931402,"<a href=""http://twitter.com"" rel=""nofollow"">Twitter Web Client</a>",http://twitter.com,Twitter Web Client,"{'positive': 0.01644845, 'neutral': 0.46907425, 'negative': 0.51447725}",0.51447725,0.46907425,0.01644845
591093082,591093082,https://x.com/xanapa/status/591093082,2008-01-12T13:47:19+00:00,9761092,9761092,https://x.com/xanapa,xanapa,xanapa,,2007-10-28T21:15:14+00:00,72,0,37889,0,21,0,Paris,https://pbs.twimg.com/profile_images/34645722/xanapa-twitter_normal.jpg,,,False,False,fr,Xanapa XBOX 360 : [Vid?os] Rainbow : Six Vegas 2 en trailer !: Ubisoft diffuse aujourd'hui un nouvea.. http://tinyurl.com/3xuqlj,0,0,0,0,0,591093082,591093082,"<a href=""http://twitter.com"" rel=""nofollow"">Twitter Web Client</a>",http://twitter.com,Twitter Web Client,"{'positive': 0.0232681, 'neutral': 0.19978508, 'negative': 0.77694684}",0.77694684,0.19978508,0.0232681
589395982,589395982,https://x.com/xanapa/status/589395982,2008-01-11T23:47:04+00:00,9761092,9761092,https://x.com/xanapa,xanapa,xanapa,,2007-10-28T21:15:14+00:00,72,0,37889,0,21,0,Paris,https://pbs.twimg.com/profile_images/34645722/xanapa-twitter_normal.jpg,,,False,False,fr,Xanapa Un trailer pour Rainbow Six : Vegas 2: Ubisoft nous offre aujourd'hui un second trailer de Ra.. http://tinyurl.com/2bd3y5,0,0,0,0,0,589395982,589395982,"<a href=""http://twitter.com"" rel=""nofollow"">Twitter Web Client</a>",http://twitter.com,Twitter Web Client,"{'positive': 0.017852847, 'neutral': 0.47568244, 'negative': 0.50646466}",0.50646466,0.47568244,0.017852847
588994422,588994422,https://x.com/nzkoz/status/588994422,2008-01-11T21:14:21+00:00,11294,11294,https://x.com/nzkoz,nzkoz,Michael Koziarski,"I live in New Zealand, lead engineering teams, and am curiously interested in finance. @nzkoz@hachyderm.io",2006-11-02T03:45:16+00:00,181819,528,60894,7445,744,1479,"Wellington, New Zealand",https://pbs.twimg.com/profile_images/378800000239013338/8ef360106b3a7420ce56f3aa8a84506b_normal.jpeg,,,False,False,en,Why did ubisoft take a perfectly good 'waste people' game and add this BS science fiction DNA memory shit,0,0,0,0,0,588994422,588994422,"<a href=""http://twitter.com"" rel=""nofollow"">Twitter Web Client</a>",http://twitter.com,Twitter Web Client,"{'positive': 0.022320308, 'neutral': 0.06923918, 'negative': 0.90844053}",0.90844053,0.06923918,0.022320308
587770692,587770692,https://x.com/xanapa/status/587770692,2008-01-11T14:48:17+00:00,9761092,9761092,https://x.com/xanapa,xanapa,xanapa,,2007-10-28T21:15:14+00:00,72,0,37889,0,21,0,Paris,https://pbs.twimg.com/profile_images/34645722/xanapa-twitter_normal.jpg,,,False,False,fr,Xanapa Rainbow Six Vegas 2 en vid√©o: Ubisoft nous d√©voile une nouvelle vid√©o de Tom Clancy's Rainbow.. http://tinyurl.com/yuzmn5,0,0,0,0,0,587770692,587770692,"<a href=""http://twitter.com"" rel=""nofollow"">Twitter Web Client</a>",http://twitter.com,Twitter Web Client,"{'positive': 0.034621496, 'neutral': 0.35590407, 'negative': 0.60947436}",0.60947436,0.35590407,0.034621496
587770492,587770492,https://x.com/xanapa/status/587770492,2008-01-11T14:48:13+00:00,9761092,9761092,https://x.com/xanapa,xanapa,xanapa,,2007-10-28T21:15:14+00:00,72,0,37889,0,21,0,Paris,https://pbs.twimg.com/profile_images/34645722/xanapa-twitter_normal.jpg,,,False,False,fr,Xanapa Ubisoft s'occupe des Soulcalibur: 	C'est bien urbain Quand on est une superstar du jeux vid√©o.. http://tinyurl.com/2y3d79,0,0,0,0,0,587770492,587770492,"<a href=""http://twitter.com"" rel=""nofollow"">Twitter Web Client</a>",http://twitter.com,Twitter Web Client,"{'positive': 0.042565897, 'neutral': 0.2180483, 'negative': 0.7393858}",0.7393858,0.2180483,0.042565897
587115742,587115742,https://x.com/xanapa/status/587115742,2008-01-11T10:47:18+00:00,9761092,9761092,https://x.com/xanapa,xanapa,xanapa,,2007-10-28T21:15:14+00:00,72,0,37889,0,21,0,Paris,https://pbs.twimg.com/profile_images/34645722/xanapa-twitter_normal.jpg,,,False,False,fr,Xanapa Ubisoft relance de deux - Nouveau trailer de R6 Vegas 2: Avant m?me que le jeu lui-m?me ne so.. http://tinyurl.com/ywomso,0,0,0,0,0,587115742,587115742,"<a href=""http://twitter.com"" rel=""nofollow"">Twitter Web Client</a>",http://twitter.com,Twitter Web Client,"{'positive': 0.12405195, 'neutral': 0.34644952, 'negative': 0.52949846}",0.52949846,0.34644952,0.12405195
586968382,586968382,https://x.com/xanapa/status/586968382,2008-01-11T09:47:24+00:00,9761092,9761092,https://x.com/xanapa,xanapa,xanapa,,2007-10-28T21:15:14+00:00,72,0,37889,0,21,0,Paris,https://pbs.twimg.com/profile_images/34645722/xanapa-twitter_normal.jpg,,,False,False,fr,"Xanapa PS3 News : Ubisoft distribuera Soul Calibur IV: Paris, le 10 janvier 2008 ¬ñ Ubisoft annonce l.. http://tinyurl.com/yohro6",0,0,0,0,0,586968382,586968382,"<a href=""http://twitter.com"" rel=""nofollow"">Twitter Web Client</a>",http://twitter.com,Twitter Web Client,"{'positive': 0.018986456, 'neutral': 0.1682926, 'negative': 0.81272095}",0.81272095,0.1682926,0.018986456
586827132,586827132,https://x.com/xanapa/status/586827132,2008-01-11T08:47:13+00:00,9761092,9761092,https://x.com/xanapa,xanapa,xanapa,,2007-10-28T21:15:14+00:00,72,0,37889,0,21,0,Paris,https://pbs.twimg.com/profile_images/34645722/xanapa-twitter_normal.jpg,,,False,False,fr,Xanapa Ubisoft va se Souler - SoulCalibur IV et Legends chez Ubi: Via un accord avec la soci?t? Namc.. http://tinyurl.com/24uvkc,0,0,0,0,0,586827132,586827132,"<a href=""http://twitter.com"" rel=""nofollow"">Twitter Web Client</a>",http://twitter.com,Twitter Web Client,"{'positive': 0.0248078, 'neutral': 0.34873608, 'negative': 0.6264561}",0.6264561,0.34873608,0.0248078
584788142,584788142,https://x.com/xanapa/status/584788142,2008-01-10T19:48:12+00:00,9761092,9761092,https://x.com/xanapa,xanapa,xanapa,,2007-10-28T21:15:14+00:00,72,0,37889,0,21,0,Paris,https://pbs.twimg.com/profile_images/34645722/xanapa-twitter_normal.jpg,,,False,False,fr,Xanapa Soul Calibur IV et Legends chez Ubisoft: Les deux prochains volets de la s?rie Soul Calibur s.. http://tinyurl.com/2q42dk,0,0,0,0,0,584788142,584788142,"<a href=""http://twitter.com"" rel=""nofollow"">Twitter Web Client</a>",http://twitter.com,Twitter Web Client,"{'positive': 0.028289983, 'neutral': 0.19238491, 'negative': 0.77932507}",0.77932507,0.19238491,0.028289983
584603752,584603752,https://x.com/xanapa/status/584603752,2008-01-10T18:47:47+00:00,9761092,9761092,https://x.com/xanapa,xanapa,xanapa,,2007-10-28T21:15:14+00:00,72,0,37889,0,21,0,Paris,https://pbs.twimg.com/profile_images/34645722/xanapa-twitter_normal.jpg,,,False,False,fr,Xanapa Ubisoft annonce la distribution de Soul Calibur IV et Soul Calibur Legends: Ubisoft annonce l.. http://tinyurl.com/2c2487,0,0,0,0,0,584603752,584603752,"<a href=""http://twitter.com"" rel=""nofollow"">Twitter Web Client</a>",http://twitter.com,Twitter Web Client,"{'positive': 0.014489442, 'neutral': 0.26224107, 'negative': 0.7232695}",0.7232695,0.26224107,0.014489442
579343182,579343182,https://x.com/MaximeGaillard/status/579343182,2008-01-09T11:34:39+00:00,5814482,5814482,https://x.com/MaximeGaillard,MaximeGaillard,Maxime Gaillard,Co-fondateur @naeka | Lead DevOps #kubernetes | Former Python dev,2007-05-06T19:28:44+00:00,725,1076,9007,423,55,112,ü¶Å‚õ∞,https://pbs.twimg.com/profile_images/448760459437420544/48qdsmz8_normal.jpeg,https://pbs.twimg.com/profile_banners/5814482/1469003119,,False,False,fr,Nouveau post : Ubisoft utilisera l‚ÄôamBX dans FarCry 2 http://tinyurl.com/29qltc,0,0,0,0,0,579343182,579343182,"<a href=""http://twitter.com"" rel=""nofollow"">Twitter Web Client</a>",http://twitter.com,Twitter Web Client,"{'positive': 0.027225431, 'neutral': 0.32489166, 'negative': 0.64788294}",0.64788294,0.32489166,0.027225431
579339132,579339132,https://x.com/N4G/status/579339132,2008-01-09T11:33:01+00:00,9598442,9598442,https://x.com/N4G,N4G,N4G,The only official twitter for N4G! The hottest and latest video game news from around the world.,2007-10-22T14:11:38+00:00,21744,2464,183496,93,877,115923,,https://pbs.twimg.com/profile_images/2202388179/n4g-medium-logo-on-grey_normal.png,https://pbs.twimg.com/profile_banners/9598442/1400099830,,False,False,en,twe4ked.com Surfer Girl on BioWare's Sonic game and on Ubisoft's casual games: Surfer Girl talks a.. http://tinyurl.com/2gz4rw,0,0,0,0,0,579339132,579339132,"<a href=""http://twitter.com"" rel=""nofollow"">Twitter Web Client</a>",http://twitter.com,Twitter Web Client,"{'positive': 0.018742584, 'neutral': 0.12993294, 'negative': 0.85132444}",0.85132444,0.12993294,0.018742584
579124072,579124072,https://x.com/N4G/status/579124072,2008-01-09T10:04:21+00:00,9598442,9598442,https://x.com/N4G,N4G,N4G,The only official twitter for N4G! The hottest and latest video game news from around the world.,2007-10-22T14:11:38+00:00,21744,2464,183496,93,877,115923,,https://pbs.twimg.com/profile_images/2202388179/n4g-medium-logo-on-grey_normal.png,https://pbs.twimg.com/profile_banners/9598442/1400099830,,False,False,en,"twe4ked.com Ubisoft: Haze still probably delayed until March: January 07, 2008 ‚Äî Ubisoft Montreal'.. http://tinyurl.com/yv5gjr",0,0,0,0,0,579124072,579124072,"<a href=""http://twitter.com"" rel=""nofollow"">Twitter Web Client</a>",http://twitter.com,Twitter Web Client,"{'positive': 0.029165698, 'neutral': 0.3291928, 'negative': 0.64164144}",0.64164144,0.3291928,0.029165698
579107462,579107462,https://x.com/Fellinger/status/579107462,2008-01-09T09:58:14+00:00,1945851,1945851,https://x.com/Fellinger,Fellinger,Stephan Fellinger,Online Mediaman vh Jaar* https://t.co/ed29YciGdt* https://t.co/mgrcRJAgKQ  *https://t.co/UatZN9MvBq Pais Valencia & NL,2007-03-22T22:24:29+00:00,8194,2419,100475,8736,306,3972,Europa,https://pbs.twimg.com/profile_images/1497559321030316043/t6_klLfx_normal.jpg,https://pbs.twimg.com/profile_banners/1945851/1659980263,,False,False,nl,@Vincent: leuk dat je Cem van Ubisoft en games.blogo.nl nog even interviewde,0,0,0,0,0,24150,24150,"<a href=""http://twitter.com"" rel=""nofollow"">Twitter Web Client</a>",http://twitter.com,Twitter Web Client,"{'positive': 0.027571931, 'neutral': 0.2224208, 'negative': 0.7500073}",0.7500073,0.2224208,0.027571931
578981282,578981282,https://x.com/N4G/status/578981282,2008-01-09T09:04:18+00:00,9598442,9598442,https://x.com/N4G,N4G,N4G,The only official twitter for N4G! The hottest and latest video game news from around the world.,2007-10-22T14:11:38+00:00,21744,2464,183496,93,877,115923,,https://pbs.twimg.com/profile_images/2202388179/n4g-medium-logo-on-grey_normal.png,https://pbs.twimg.com/profile_banners/9598442/1400099830,,False,False,en,"twe4ked.com Quid Pro Quo Broken, Sony, Midway and Ubisoft Retaliate Against EGM: Now that the bomb.. http://tinyurl.com/2pleqb",0,0,0,0,0,578981282,578981282,"<a href=""http://twitter.com"" rel=""nofollow"">Twitter Web Client</a>",http://twitter.com,Twitter Web Client,"{'positive': 0.016345799, 'neutral': 0.19262345, 'negative': 0.7910307}",0.7910307,0.19262345,0.016345799
576612012,576612012,https://x.com/NoFrag/status/576612012,2008-01-08T18:28:10+00:00,7257532,7257532,https://x.com/NoFrag,NoFrag,NoFrag,"NoFrag, le premier site francophone traitant de l'actualit√© des simulateurs de meurtres. Enchaine les frags depuis 2001.

Contact : contact@nofrag.com",2007-07-04T21:41:03+00:00,4879,213,25361,460,173,2631,France,https://pbs.twimg.com/profile_images/1293163969876762624/mVY5Iz7n_normal.jpg,https://pbs.twimg.com/profile_banners/7257532/1602970253,,False,False,fr,Ubi et Philips s'associent pour des jeux surrounds: Philips et Ubisoft ont sign√© un partenariat pour trava.. http://tinyurl.com/333ju9,0,0,0,0,0,576612012,576612012,"<a href=""http://twitter.com"" rel=""nofollow"">Twitter Web Client</a>",http://twitter.com,Twitter Web Client,"{'positive': 0.011624527, 'neutral': 0.24164635, 'negative': 0.74672914}",0.74672914,0.24164635,0.011624527
576496222,576496222,https://x.com/xanapa/status/576496222,2008-01-08T17:51:40+00:00,9761092,9761092,https://x.com/xanapa,xanapa,xanapa,,2007-10-28T21:15:14+00:00,72,0,37889,0,21,0,Paris,https://pbs.twimg.com/profile_images/34645722/xanapa-twitter_normal.jpg,,,False,False,fr,Xanapa Jeux-Video/News : Philips arme Ubisoft avec L'amBX: Philips et Ubisoft annoncent un accord po.. http://tinyurl.com/ytkvjv,0,0,0,0,0,576496222,576496222,"<a href=""http://twitter.com"" rel=""nofollow"">Twitter Web Client</a>",http://twitter.com,Twitter Web Client,"{'positive': 0.029064242, 'neutral': 0.45357558, 'negative': 0.51736015}",0.51736015,0.45357558,0.029064242
576476012,576476012,https://x.com/arsCES/status/576476012,2008-01-08T17:45:37+00:00,11826312,11826312,https://x.com/arsCES,arsCES,arsCES,The Art of Technology... @ CES!,2008-01-04T03:13:03+00:00,187,169,279,0,16,0,Consumer Electronics Show,https://pbs.twimg.com/profile_images/61141329/ars_ces_normal.png,,,False,False,en,CES: Ubisoft boasts amBX support - http://tinyurl.com/28pn54,0,0,0,0,0,576476012,576476012,"<a href=""http://twitter.com"" rel=""nofollow"">Twitter Web Client</a>",http://twitter.com,Twitter Web Client,"{'positive': 0.036788456, 'neutral': 0.24366127, 'negative': 0.7195503}",0.7195503,0.24366127,0.036788456
576475562,576475562,https://x.com/arstechnica/status/576475562,2008-01-08T17:45:28+00:00,717313,717313,https://x.com/arstechnica,arstechnica,Ars Technica,"Original news, reviews, analysis of tech trends, and expert advice on the most fundamental aspects of tech.",2007-01-28T01:58:49+00:00,1181323,1288,146019,7460,26610,6580,NYC - Boston - Chicago - SF,https://pbs.twimg.com/profile_images/2215576731/ars-logo_normal.png,https://pbs.twimg.com/profile_banners/717313/1407516523,,False,True,en,[Opposable Thumbs] CES: Ubisoft boasts amBX support - http://tinyurl.com/28pn54,0,0,0,0,0,576475562,576475562,"<a href=""http://twitter.com"" rel=""nofollow"">Twitter Web Client</a>",http://twitter.com,Twitter Web Client,"{'positive': 0.035136443, 'neutral': 0.28596026, 'negative': 0.6789033}",0.6789033,0.28596026,0.035136443
575835512,575835512,https://x.com/Emerce_nieuws/status/575835512,2008-01-08T14:41:02+00:00,11982242,11982242,https://x.com/Emerce_nieuws,Emerce_nieuws,Emerce_nieuws,,2008-01-08T12:03:40+00:00,964,0,151,0,26,0,,https://pbs.twimg.com/profile_images/43391362/emerce_logo_vierkant_normal.jpg,,,False,False,und,CES 2008: Ubisoft adopteert amBX http://tinyurl.com/2ykgtv,0,0,0,0,0,575835512,575835512,"<a href=""http://twitter.com"" rel=""nofollow"">Twitter Web Client</a>",http://twitter.com,Twitter Web Client,"{'positive': 0.030941091, 'neutral': 0.30168313, 'negative': 0.6673758}",0.6673758,0.30168313,0.030941091
575382192,575382192,https://x.com/telegraaf/status/575382192,2008-01-08T12:11:18+00:00,2902821,2902821,https://x.com/telegraaf,telegraaf,De Telegraaf,Spraakmakend de grootste! Elke dag het belangrijkste nieuws van De Telegraaf. Tip ons via WhatsApp: 06-13650952.,2007-03-29T22:29:18+00:00,833089,887,639942,681,3789,71419,Amsterdam,https://pbs.twimg.com/profile_images/1605143012153212928/f86J0KGA_normal.png,https://pbs.twimg.com/profile_banners/2902821/1722266547,,False,True,de,Ubisoft omarmt amBX http://tinyurl.com/2fdmfx,0,0,0,0,0,575382192,575382192,"<a href=""http://twitter.com"" rel=""nofollow"">Twitter Web Client</a>",http://twitter.com,Twitter Web Client,"{'positive': 0.10021856, 'neutral': 0.44012842, 'negative': 0.45965302}",0.45965302,0.44012842,0.10021856
575294862,575294862,https://x.com/N4G/status/575294862,2008-01-08T11:36:14+00:00,9598442,9598442,https://x.com/N4G,N4G,N4G,The only official twitter for N4G! The hottest and latest video game news from around the world.,2007-10-22T14:11:38+00:00,21744,2464,183496,93,877,115923,,https://pbs.twimg.com/profile_images/2202388179/n4g-medium-logo-on-grey_normal.png,https://pbs.twimg.com/profile_banners/9598442/1400099830,,False,False,en,"twe4ked.com Ubisoft: Haze not delayed until March, to be released in January-February: January 07,.. http://tinyurl.com/32268e",0,0,0,0,0,575294862,575294862,"<a href=""http://twitter.com"" rel=""nofollow"">Twitter Web Client</a>",http://twitter.com,Twitter Web Client,"{'positive': 0.02151558, 'neutral': 0.13666849, 'negative': 0.841816}",0.841816,0.13666849,0.02151558
572787492,572787492,https://x.com/arstechnica/status/572787492,2008-01-07T19:15:18+00:00,717313,717313,https://x.com/arstechnica,arstechnica,Ars Technica,"Original news, reviews, analysis of tech trends, and expert advice on the most fundamental aspects of tech.",2007-01-28T01:58:49+00:00,1181323,1288,146019,7460,26610,6580,NYC - Boston - Chicago - SF,https://pbs.twimg.com/profile_images/2215576731/ars-logo_normal.png,https://pbs.twimg.com/profile_banners/717313/1407516523,,False,True,en,[Opposable Thumbs] Ubisoft: Haze not delayed until March - http://tinyurl.com/233ztc,0,0,0,0,0,572787492,572787492,"<a href=""http://twitter.com"" rel=""nofollow"">Twitter Web Client</a>",http://twitter.com,Twitter Web Client,"{'positive': 0.044327144, 'neutral': 0.06211217, 'negative': 0.89356077}",0.89356077,0.06211217,0.044327144
572216962,572216962,https://x.com/VinZ/status/572216962,2008-01-07T16:12:18+00:00,1180861,1180861,https://x.com/VinZ,VinZ,Vincent Huwer,Dircom - On Twitter/X since 2007 - European believer living everyday in #FRA #GER #LUX,2007-03-14T20:52:23+00:00,52896,784,21048,792,523,152,Germany üá©üá™ - Luxembourg üá±üá∫ - France üá´üá∑,https://pbs.twimg.com/profile_images/667364986457559040/3jBU1R36_normal.jpg,,,False,False,fr,en direct des bureaux d'Ubisoft EMEA ! 5mn de pause !,0,0,0,0,0,572216962,572216962,"<a href=""http://twitter.com"" rel=""nofollow"">Twitter Web Client</a>",http://twitter.com,Twitter Web Client,"{'positive': 0.047576077, 'neutral': 0.1700481, 'negative': 0.7823759}",0.7823759,0.1700481,0.047576077
572074832,572074832,https://x.com/amazon_reviews/status/572074832,2008-01-07T15:32:03+00:00,8966832,8966832,https://x.com/amazon_reviews,amazon_reviews,amazon_reviews,,2007-09-19T05:29:38+00:00,750,0,184615,0,21,0,,https://abs.twimg.com/sticky/default_profile_images/default_profile_normal.png,,,False,False,en,"Hilariously fun
Raving Rabbids 2 by Ubisoft is pure comic genius. Several mini games 
http://www.amazon.com/dp/B000SQ5LPK",0,0,0,0,0,572074832,572074832,"<a href=""http://twitter.com"" rel=""nofollow"">Twitter Web Client</a>",http://twitter.com,Twitter Web Client,"{'positive': 0.028064055, 'neutral': 0.11148018, 'negative': 0.86045575}",0.86045575,0.11148018,0.028064055
569790032,569790032,https://x.com/n4g_pc/status/569790032,2008-01-07T00:33:53+00:00,9598602,9598602,https://x.com/n4g_pc,n4g_pc,n4g_pc,RSS Feed from the pc section of http://t.co/bXK5wWOVud,2007-10-22T14:21:00+00:00,378,0,12980,0,21,0,,https://pbs.twimg.com/profile_images/33984972/3642_sml_normal.png,,,False,False,en,twe4ked.com Ubisoft Loses Faith in Unreal Engine 3: Following the announcement of Far Cry 2 for.. http://tinyurl.com/ywdrfb,0,0,0,0,0,569790032,569790032,"<a href=""http://twitter.com"" rel=""nofollow"">Twitter Web Client</a>",http://twitter.com,Twitter Web Client,"{'positive': 0.015242295, 'neutral': 0.14022078, 'negative': 0.84453684}",0.84453684,0.14022078,0.015242295
569789652,569789652,https://x.com/N4G/status/569789652,2008-01-07T00:33:43+00:00,9598442,9598442,https://x.com/N4G,N4G,N4G,The only official twitter for N4G! The hottest and latest video game news from around the world.,2007-10-22T14:11:38+00:00,21744,2464,183496,93,877,115923,,https://pbs.twimg.com/profile_images/2202388179/n4g-medium-logo-on-grey_normal.png,https://pbs.twimg.com/profile_banners/9598442/1400099830,,False,False,en,twe4ked.com Ubisoft Loses Faith in Unreal Engine 3: Following the announcement of Far Cry 2 for th.. http://tinyurl.com/3xtpph,0,0,0,0,0,569789652,569789652,"<a href=""http://twitter.com"" rel=""nofollow"">Twitter Web Client</a>",http://twitter.com,Twitter Web Client,"{'positive': 0.014623965, 'neutral': 0.13509004, 'negative': 0.85028595}",0.85028595,0.13509004,0.014623965
568710882,568710882,https://x.com/Neo_Win/status/568710882,2008-01-06T16:39:57+00:00,6742672,6742672,https://x.com/Neo_Win,Neo_Win,Neo Win,,2007-06-11T14:38:37+00:00,271,0,26408,0,16,0,,https://pbs.twimg.com/profile_images/29383282/neowin_feedlogo_normal.png,,,False,False,en,"Ubisoft Far Crying to Xbox 360, PS3: In August, game rental outfit GameFly broadcast Ubisoft&#39;s covert.. http://tinyurl.com/2p755n",0,0,0,0,0,568710882,568710882,"<a href=""http://twitter.com"" rel=""nofollow"">Twitter Web Client</a>",http://twitter.com,Twitter Web Client,"{'positive': 0.02812472, 'neutral': 0.1087721, 'negative': 0.86310315}",0.86310315,0.1087721,0.02812472
567069632,567069632,https://x.com/n4g_pc/status/567069632,2008-01-06T03:06:42+00:00,9598602,9598602,https://x.com/n4g_pc,n4g_pc,n4g_pc,RSS Feed from the pc section of http://t.co/bXK5wWOVud,2007-10-22T14:21:00+00:00,378,0,12980,0,21,0,,https://pbs.twimg.com/profile_images/33984972/3642_sml_normal.png,,,False,False,en,twe4ked.com Surfer Girl - Disaster: Ubisoft and the Kingdom of Delayed Product: Surfer Girl rev.. http://tinyurl.com/ytuaef,0,0,0,0,0,567069632,567069632,"<a href=""http://twitter.com"" rel=""nofollow"">Twitter Web Client</a>",http://twitter.com,Twitter Web Client,"{'positive': 0.013967632, 'neutral': 0.16389573, 'negative': 0.8221366}",0.8221366,0.16389573,0.013967632
567069492,567069492,https://x.com/N4G/status/567069492,2008-01-06T03:06:37+00:00,9598442,9598442,https://x.com/N4G,N4G,N4G,The only official twitter for N4G! The hottest and latest video game news from around the world.,2007-10-22T14:11:38+00:00,21744,2464,183496,93,877,115923,,https://pbs.twimg.com/profile_images/2202388179/n4g-medium-logo-on-grey_normal.png,https://pbs.twimg.com/profile_banners/9598442/1400099830,,False,False,en,twe4ked.com Surfer Girl - Disaster: Ubisoft and the Kingdom of Delayed Product: Surfer Girl reveal.. http://tinyurl.com/299qot,0,0,0,0,0,567069492,567069492,"<a href=""http://twitter.com"" rel=""nofollow"">Twitter Web Client</a>",http://twitter.com,Twitter Web Client,"{'positive': 0.013257699, 'neutral': 0.12634905, 'negative': 0.8603933}",0.8603933,0.12634905,0.013257699
564419072,564419072,https://x.com/haripakorss/status/564419072,2008-01-05T05:46:52+00:00,8331192,8331192,https://x.com/haripakorss,haripakorss,Feeds by Haripako,Google Reader Feeds by Francisco Vargas aka Haripako,2007-08-21T14:48:27+00:00,430,1,169558,0,11,48,Barcelona,https://pbs.twimg.com/profile_images/20397532/IMG_0437.JPG_normal.jpg,,,False,False,es,"Sabia decisi√≥n: No More Heroes adelanta su salida: 

Loable actitud la de Ubisoft: ¬øpor qu√© demonios.. http://tinyurl.com/3ygoj4",0,0,0,0,0,564419072,564419072,"<a href=""http://twitter.com"" rel=""nofollow"">Twitter Web Client</a>",http://twitter.com,Twitter Web Client,"{'positive': 0.17847937, 'neutral': 0.24012561, 'negative': 0.58139503}",0.58139503,0.24012561,0.17847937
562838312,562838312,https://x.com/Gary200/status/562838312,2008-01-04T18:49:41+00:00,3768771,3768771,https://x.com/Gary200,Gary200,Gary Hanson,The Official Gary200 on Twitter.,2007-04-08T07:33:41+00:00,4828,90,106049,11,27,17975,"Bremerton, WA, USA",https://pbs.twimg.com/profile_images/591153728889049088/JgYUgGpG_normal.jpg,https://pbs.twimg.com/profile_banners/3768771/1485504471,,False,False,en,Ubisoft announced the open world shooter Far Cry 2 will be coming to Xbox360 and PS3 in 2009.,0,0,0,0,0,562838312,562838312,"<a href=""http://twitter.com"" rel=""nofollow"">Twitter Web Client</a>",http://twitter.com,Twitter Web Client,"{'positive': 0.022899456, 'neutral': 0.31342968, 'negative': 0.6636709}",0.6636709,0.31342968,0.022899456
561943452,561943452,https://x.com/xanapa/status/561943452,2008-01-04T13:50:34+00:00,9761092,9761092,https://x.com/xanapa,xanapa,xanapa,,2007-10-28T21:15:14+00:00,72,0,37889,0,21,0,Paris,https://pbs.twimg.com/profile_images/34645722/xanapa-twitter_normal.jpg,,,False,False,fr,Xanapa XBOX 360 : [Infos] Ubi Soft repousse l'?ch?ance: Ubi Soft nous annonce que trois de ses plus .. http://tinyurl.com/yt5xma,0,0,0,0,0,561943452,561943452,"<a href=""http://twitter.com"" rel=""nofollow"">Twitter Web Client</a>",http://twitter.com,Twitter Web Client,"{'positive': 0.095001504, 'neutral': 0.29952133, 'negative': 0.6054772}",0.6054772,0.29952133,0.095001504
560923192,560923192,https://x.com/haripakorss/status/560923192,2008-01-04T05:47:24+00:00,8331192,8331192,https://x.com/haripakorss,haripakorss,Feeds by Haripako,Google Reader Feeds by Francisco Vargas aka Haripako,2007-08-21T14:48:27+00:00,430,1,169558,0,11,48,Barcelona,https://pbs.twimg.com/profile_images/20397532/IMG_0437.JPG_normal.jpg,,,False,False,es,"Far Cry 2 anunciada para Xbox 360 y PS3: 
Ubisoft nos ‚Äúsorprende‚Äù con el anuncio de Far Cry 2, y su i.. http://tinyurl.com/2p8fpz",0,0,0,0,0,560923192,560923192,"<a href=""http://twitter.com"" rel=""nofollow"">Twitter Web Client</a>",http://twitter.com,Twitter Web Client,"{'positive': 0.038186103, 'neutral': 0.30485392, 'negative': 0.65696}",0.65696,0.30485392,0.038186103
559428572,559428572,https://x.com/NoFrag/status/559428572,2008-01-03T19:58:51+00:00,7257532,7257532,https://x.com/NoFrag,NoFrag,NoFrag,"NoFrag, le premier site francophone traitant de l'actualit√© des simulateurs de meurtres. Enchaine les frags depuis 2001.

Contact : contact@nofrag.com",2007-07-04T21:41:03+00:00,4879,213,25361,460,173,2631,France,https://pbs.twimg.com/profile_images/1293163969876762624/mVY5Iz7n_normal.jpg,https://pbs.twimg.com/profile_banners/7257532/1602970253,,False,False,fr,Far Cry 2 sur consoles: Ubisoft a annonc√© cet apr√®s-midi que Far Cry 2 √©tait √©galement pr√©vu sur Xbox 360 .. http://tinyurl.com/36p5z4,0,0,0,0,0,559428572,559428572,"<a href=""http://twitter.com"" rel=""nofollow"">Twitter Web Client</a>",http://twitter.com,Twitter Web Client,"{'positive': 0.02727584, 'neutral': 0.3120444, 'negative': 0.6606797}",0.6606797,0.3120444,0.02727584
559139192,559139192,https://x.com/n4g_pc/status/559139192,2008-01-03T18:06:31+00:00,9598602,9598602,https://x.com/n4g_pc,n4g_pc,n4g_pc,RSS Feed from the pc section of http://t.co/bXK5wWOVud,2007-10-22T14:21:00+00:00,378,0,12980,0,21,0,,https://pbs.twimg.com/profile_images/33984972/3642_sml_normal.png,,,False,False,en,twe4ked.com Far Cry 2 confirmed for Xbox 360 and PS3: Rumours of console versions of Ubisoft's .. http://tinyurl.com/399wv9,0,0,0,0,0,559139192,559139192,"<a href=""http://twitter.com"" rel=""nofollow"">Twitter Web Client</a>",http://twitter.com,Twitter Web Client,"{'positive': 0.030196613, 'neutral': 0.1652482, 'negative': 0.80455524}",0.80455524,0.1652482,0.030196613
559138932,559138932,https://x.com/N4G/status/559138932,2008-01-03T18:06:25+00:00,9598442,9598442,https://x.com/N4G,N4G,N4G,The only official twitter for N4G! The hottest and latest video game news from around the world.,2007-10-22T14:11:38+00:00,21744,2464,183496,93,877,115923,,https://pbs.twimg.com/profile_images/2202388179/n4g-medium-logo-on-grey_normal.png,https://pbs.twimg.com/profile_banners/9598442/1400099830,,False,False,en,twe4ked.com Far Cry 2 confirmed for Xbox 360 and PS3: Rumours of console versions of Ubisoft's upc.. http://tinyurl.com/2c7vy8,0,0,0,0,0,559138932,559138932,"<a href=""http://twitter.com"" rel=""nofollow"">Twitter Web Client</a>",http://twitter.com,Twitter Web Client,"{'positive': 0.02672275, 'neutral': 0.16724758, 'negative': 0.8060297}",0.8060297,0.16724758,0.02672275
559095522,559095522,https://x.com/xanapa/status/559095522,2008-01-03T17:51:53+00:00,9761092,9761092,https://x.com/xanapa,xanapa,xanapa,,2007-10-28T21:15:14+00:00,72,0,37889,0,21,0,Paris,https://pbs.twimg.com/profile_images/34645722/xanapa-twitter_normal.jpg,,,False,False,fr,Xanapa Jeux-Video/News : Far Cry 2 sur PS3 et Xbox 360: Ubisoft annonce l'arriv?e prochaine (pas pou.. http://tinyurl.com/2m9coo,0,0,0,0,0,559095522,559095522,"<a href=""http://twitter.com"" rel=""nofollow"">Twitter Web Client</a>",http://twitter.com,Twitter Web Client,"{'positive': 0.016178332, 'neutral': 0.2491123, 'negative': 0.73470926}",0.73470926,0.2491123,0.016178332
559095192,559095192,https://x.com/xanapa/status/559095192,2008-01-03T17:51:45+00:00,9761092,9761092,https://x.com/xanapa,xanapa,xanapa,,2007-10-28T21:15:14+00:00,72,0,37889,0,21,0,Paris,https://pbs.twimg.com/profile_images/34645722/xanapa-twitter_normal.jpg,,,False,False,fr,Xanapa Far Cry 2 confirm? sur Xbox 360: Ubisoft nous confirme en cette fin de journ?e l'arriv?e du j.. http://tinyurl.com/22rfd2,0,0,0,0,0,559095192,559095192,"<a href=""http://twitter.com"" rel=""nofollow"">Twitter Web Client</a>",http://twitter.com,Twitter Web Client,"{'positive': 0.024778567, 'neutral': 0.29620123, 'negative': 0.67902017}",0.67902017,0.29620123,0.024778567
558910902,558910902,https://x.com/haripakorss/status/558910902,2008-01-03T16:50:20+00:00,8331192,8331192,https://x.com/haripakorss,haripakorss,Feeds by Haripako,Google Reader Feeds by Francisco Vargas aka Haripako,2007-08-21T14:48:27+00:00,430,1,169558,0,11,48,Barcelona,https://pbs.twimg.com/profile_images/20397532/IMG_0437.JPG_normal.jpg,,,False,False,es,"Ubisoft retrasa tres de sus juegos m√°s esperados: 

	Malas noticias las que os traigo a continuaci√≥n... http://tinyurl.com/2lov96",0,0,0,0,0,558910902,558910902,"<a href=""http://twitter.com"" rel=""nofollow"">Twitter Web Client</a>",http://twitter.com,Twitter Web Client,"{'positive': 0.011366728, 'neutral': 0.071057506, 'negative': 0.9175758}",0.9175758,0.071057506,0.011366728
558734262,558734262,https://x.com/xanapa/status/558734262,2008-01-03T15:51:50+00:00,9761092,9761092,https://x.com/xanapa,xanapa,xanapa,,2007-10-28T21:15:14+00:00,72,0,37889,0,21,0,Paris,https://pbs.twimg.com/profile_images/34645722/xanapa-twitter_normal.jpg,,,False,False,fr,"Xanapa Triple reports pour Ubisoft: 3 lignes maximum, l'intro doit se terminer par un POINT !!! http://tinyurl.com/yuur7u",0,0,0,0,0,558734262,558734262,"<a href=""http://twitter.com"" rel=""nofollow"">Twitter Web Client</a>",http://twitter.com,Twitter Web Client,"{'positive': 0.05596274, 'neutral': 0.30077836, 'negative': 0.64325887}",0.64325887,0.30077836,0.05596274
558120862,558120862,https://x.com/xanapa/status/558120862,2008-01-03T11:50:48+00:00,9761092,9761092,https://x.com/xanapa,xanapa,xanapa,,2007-10-28T21:15:14+00:00,72,0,37889,0,21,0,Paris,https://pbs.twimg.com/profile_images/34645722/xanapa-twitter_normal.jpg,,,False,False,fr,Xanapa PS3 News : Ubisoft retarde quelques jeux: Ubisoft vient d'annoncer discr?tement que les jeux .. http://tinyurl.com/2vm45t,0,0,0,0,0,558120862,558120862,"<a href=""http://twitter.com"" rel=""nofollow"">Twitter Web Client</a>",http://twitter.com,Twitter Web Client,"{'positive': 0.024831139, 'neutral': 0.095980905, 'negative': 0.87918794}",0.87918794,0.095980905,0.024831139
557964512,557964512,https://x.com/eKudos/status/557964512,2008-01-03T10:36:05+00:00,9657952,9657952,https://x.com/eKudos,eKudos,eKudos,Social news van Nederlandse bodem,2007-10-24T16:14:27+00:00,226,2,50993,0,8,63,,https://pbs.twimg.com/profile_images/34222082/ekudos__1__normal.gif,,,False,False,nl,Ubisoft stelt belangrijke titels uit: Drie belangrijke titels zullen volgens Ubisoft later uitkomen in 200.. http://tinyurl.com/2y7btb,0,0,0,0,0,557964512,557964512,"<a href=""http://twitter.com"" rel=""nofollow"">Twitter Web Client</a>",http://twitter.com,Twitter Web Client,"{'positive': 0.015161543, 'neutral': 0.38695937, 'negative': 0.59787905}",0.59787905,0.38695937,0.015161543
557770032,557770032,https://x.com/BfmCrypto/status/557770032,2008-01-03T08:57:15+00:00,6786232,6786232,https://x.com/BfmCrypto,BfmCrypto,BFM Crypto,Toute l'actualit√© #blockchain #bitcoin #crypto du moment.,2007-06-13T08:55:51+00:00,69726,167,136310,400,706,6153,Paris,https://pbs.twimg.com/profile_images/1517422150034112512/JsuYlCcH_normal.jpg,https://pbs.twimg.com/profile_banners/6786232/1634218794,,False,False,fr,Ubisoft Entertain : Cessions de titres de la famille Guillemot http://tinyurl.com/3ahmva,0,0,0,0,0,557770032,557770032,"<a href=""http://twitter.com"" rel=""nofollow"">Twitter Web Client</a>",http://twitter.com,Twitter Web Client,"{'positive': 0.08407403, 'neutral': 0.3603448, 'negative': 0.55558115}",0.55558115,0.3603448,0.08407403
557757642,557757642,https://x.com/xanapa/status/557757642,2008-01-03T08:49:44+00:00,9761092,9761092,https://x.com/xanapa,xanapa,xanapa,,2007-10-28T21:15:14+00:00,72,0,37889,0,21,0,Paris,https://pbs.twimg.com/profile_images/34645722/xanapa-twitter_normal.jpg,,,False,False,fr,Xanapa Ubisoft repousse la sortie de trois titres: Afin de gonfler les chiffres de ventes et le bila.. http://tinyurl.com/2n28qx,0,0,0,0,0,557757642,557757642,"<a href=""http://twitter.com"" rel=""nofollow"">Twitter Web Client</a>",http://twitter.com,Twitter Web Client,"{'positive': 0.14842205, 'neutral': 0.38642398, 'negative': 0.46515396}",0.46515396,0.38642398,0.14842205
556185082,556185082,https://x.com/xanapa/status/556185082,2008-01-02T20:51:16+00:00,9761092,9761092,https://x.com/xanapa,xanapa,xanapa,,2007-10-28T21:15:14+00:00,72,0,37889,0,21,0,Paris,https://pbs.twimg.com/profile_images/34645722/xanapa-twitter_normal.jpg,,,False,False,fr,Xanapa Ubisoft d√©cale quelques jeux: Eurogamer rapporte qu'Ubisoft aurait d√©cid√© de d√©cal√© quelques .. http://tinyurl.com/2hjn4s,0,0,0,0,0,556185082,556185082,"<a href=""http://twitter.com"" rel=""nofollow"">Twitter Web Client</a>",http://twitter.com,Twitter Web Client,"{'positive': 0.28825584, 'neutral': 0.2919453, 'negative': 0.41979885}",0.41979885,0.2919453,0.28825584
555441052,555441052,https://x.com/n4g_pc/status/555441052,2008-01-02T16:06:13+00:00,9598602,9598602,https://x.com/n4g_pc,n4g_pc,n4g_pc,RSS Feed from the pc section of http://t.co/bXK5wWOVud,2007-10-22T14:21:00+00:00,378,0,12980,0,21,0,,https://pbs.twimg.com/profile_images/33984972/3642_sml_normal.png,,,False,False,en,"twe4ked.com Kicked Back: Ubisoft Delays 3 2008 Releases: Ahh delays, the gaming industries way .. http://tinyurl.com/2mgsfa",0,0,0,0,0,555441052,555441052,"<a href=""http://twitter.com"" rel=""nofollow"">Twitter Web Client</a>",http://twitter.com,Twitter Web Client,"{'positive': 0.06356521, 'neutral': 0.29650858, 'negative': 0.6399262}",0.6399262,0.29650858,0.06356521
555439792,555439792,https://x.com/N4G/status/555439792,2008-01-02T16:05:50+00:00,9598442,9598442,https://x.com/N4G,N4G,N4G,The only official twitter for N4G! The hottest and latest video game news from around the world.,2007-10-22T14:11:38+00:00,21744,2464,183496,93,877,115923,,https://pbs.twimg.com/profile_images/2202388179/n4g-medium-logo-on-grey_normal.png,https://pbs.twimg.com/profile_banners/9598442/1400099830,,False,False,en,"twe4ked.com Kicked Back: Ubisoft Delays 3 2008 Releases: Ahh delays, the gaming industries way of .. http://tinyurl.com/2mbcug",0,0,0,0,0,555439792,555439792,"<a href=""http://twitter.com"" rel=""nofollow"">Twitter Web Client</a>",http://twitter.com,Twitter Web Client,"{'positive': 0.073855735, 'neutral': 0.40973985, 'negative': 0.5164044}",0.5164044,0.40973985,0.073855735
553547712,553547712,https://x.com/mrnosuch/status/553547712,2008-01-02T00:19:55+00:00,642103,642103,https://x.com/mrnosuch,mrnosuch,Mr. Nosuch,Abandoning Twitter due to Melon Tusk successfully making things here even worse.,2007-01-16T01:00:58+00:00,74,71,5258,28,4,14,"Munich, Germany",https://pbs.twimg.com/profile_images/1603714279588466690/sdclmDAe_normal.jpg,https://pbs.twimg.com/profile_banners/642103/1671196501,,False,False,en,"Dear Ubisoft: Nice patch for Assassins Creed. Crashed almost immediately, before I could even load my game. Excellent.",0,0,0,0,0,553547712,553547712,"<a href=""http://twitter.com"" rel=""nofollow"">Twitter Web Client</a>",http://twitter.com,Twitter Web Client,"{'positive': 0.053567618, 'neutral': 0.08575883, 'negative': 0.86067355}",0.86067355,0.08575883,0.053567618
